title,pub_date,status,link,category,preview
"10 Fun Thoughts, Meditation in a Bottle, and Whole-Life Slow Breathing","Mon, 10 Jul 2023 10:28:00 +0000",publish,/blog/10-fun-thoughts-meditation-bottle-whole-life-slow-breathing,Breathwork techniques and how-to,"Listen Instead of Reading If you enjoy listening, you can subscribe to the audio version on Spotify , Apple Podcasts , and Audible so you don’t even have to look at the email 😊 4 THOUGHTS 1. The Greatest Skill in Breathing (plus 9 more random thoughts) The greatest skill in breathing (like in life) "
"10 Percent More, Rich Inner Core, and My Kind of Equanimity","Mon, 12 Dec 2022 11:29:00 +0000",publish,/blog/10-percent-equanimity,Breathwork techniques and how-to,"Listen Instead of Reading If you enjoy listening, you can subscribe to the audio version on Spotify , Apple Podcasts , and Audible so you don’t even have to look at the email 😊 Get this in your inbox every Monday at 6:30 a.m. Eastern. Email Address Sign Up We respect your privacy. Thank you! 4 Thoug"
"4 Thoughts, Reaching Blissful States, and Breathing and Brain Health","Mon, 26 Jun 2023 10:28:00 +0000",publish,/blog/10-thoughts-blissful-states-breathing-brain-health,Breathwork techniques and how-to,"Listen Instead of Reading If you enjoy listening, you can subscribe to the audio version on Spotify , Apple Podcasts , and Audible so you don’t even have to look at the email 😊 4 THOUGHTS 1. In my Brain: 4 Random One-Sentence Breathing Thoughts Slow breathing is air appreciation. Fast breathing is a"
"10 Zen Seconds, Breathe It Out, and the Power of Recreation","Mon, 06 Oct 2025 10:28:00 +0000",publish,/blog/10-zen-seconds-breathe-it-out-and-the-power-of-recreation,Breathwork techniques and how-to,Reading Time: 1 min 48 sec I hope the next 22-ish breaths are the most nourishing of your day. 4 THOUGHTS 1. Breathe It Out: A Simple and Effective Technique “It is so important to Breathe It Out. This is the one exercise that I ask all my clients to rely on as an in-the-moment go-to strategy…Here i
18 Excellent Statements from Scientific Articles,"Sun, 21 Feb 2021 16:35:15 +0000",publish,/blog/18-excellent-statements,Breathwork techniques and how-to,"Over the past few years, I have accumulated over 500 pages of notes on over 100 scientific articles on breathing. I’ve recently been going back through them as part of a project I’m working on. In this post, I share some of the best ""one-liners"" I’ve come across. Enjoy! 1. Integrating Breathing Tech"
20 One-Sentence Thoughts on the Wim Hof Method,"Mon, 18 Jan 2021 10:53:38 +0000",publish,/blog/20-one-sentence-whm,Breathwork techniques and how-to,"The Wim Hof Method. For some, it’s easy to point out its flaws. For others, it’s hard to deny its power. But one thing is certain: it’s confusing as hell for just about everyone. Below, I share 20 one-sentence thoughts about the WHM. You might still be confused, but at least we can be confused toget"
Breathe profoundly to reduce stress and anxiety,"Sun, 20 Oct 2019 10:30:00 +0000",publish,/blog/2019/10/11/a-quick-way-to-reduce-anxiety-and-stress,Anxiety and stress,"Hi all, Last week we learned some devastating statistics. (Do you remember that 1 in 3 adolescents meets the criteria for anxiety?) The study I’m sharing this week shows you how to breathe (hint: deeply) to reduce anxiety. The effectiveness of diaphragmatic breathing relaxation training for reducing"
How to reduce anxiety and prevent disease,"Sun, 13 Oct 2019 10:30:00 +0000",publish,/blog/2019/10/11/how-to-reduce-anxiety-and-prevent-disease,Anxiety and stress,"“ Anxiety is often excitement and anticipation without the breath. ” - Michael Port Hi all, It seems like everywhere we look stress and anxiety are on the rise. For example, did you know that 1 in 3 adolescents meet the criteria for anxiety in the United States? Or that 14% of active duty military r"
How slow breathing improves emotional well-being (hint: it might be in your nose),"Sun, 27 Oct 2019 10:30:00 +0000",publish,/blog/2019/10/17/how-slow-breathing-improves-physiological-and-psychological-well-being-hint-it-might-be-in-your-nose,Breathwork techniques and how-to,"Hi everyone, I hope you’re having a great weekend. Let’s continue on our theme of slow breathing and enhanced well-being. If you missed/forgot last week’s post, check it out here . The paper I’m sharing this week might win best title award (well, at least the part before the colon): How breath-contr"
100 years of nasal breathing and mental function,"Sun, 03 Nov 2019 11:30:00 +0000",publish,/blog/2019/10/26/84fs4n2kobpk2fsw4qz002k19x7hu8,Breathwork techniques and how-to,"Happy Sunday! I hope you all enjoyed the extra hour of sleep as much as I did. Last week, we learned that the nose might provide the link between slow breathing and improved emotional outcomes. Before we explore the modern science behind that idea, let’s go back a century and see what we can learn. "
Staying healthy on vacations and “party weekends”,"Sun, 06 Oct 2019 10:30:00 +0000",publish,/blog/2019/10/6/staying-healthy-on-vacations-and-party-weekends,Breathwork techniques and how-to,"“ You should sit in meditation for twenty minutes every day – unless you’re too busy; then you should sit for an hour. ” – Zen Proverb Hi everyone, I am a pretty structured person. I go to bed at 8 PM and wake up at 4 AM, even on the weekends. And I am consistent with my breathing routine: Principle"
Our somewhat surprising breathing patterns during sleep,"Mon, 25 Nov 2019 13:00:00 +0000",publish,/blog/2019/11/22/our-somewhat-surprising-breathing-patterns-during-sleep,Breathwork techniques and how-to,"We spend 1/3 of our life sleeping. And sleep is arguably one of the most important aspects of good health. Therefore, I expected that during sleep, breathing would be slow, deep, and rhythmic (i.e., “perfect”). However, a review published in 1984 in Clinical Science showed that breathing rate is act"
Only Breathing Principles Endure,"Mon, 16 Dec 2019 14:00:00 +0000",publish,/blog/2019/11/23/only-breathing-principles-endure,Breathwork techniques and how-to,"The first time I heard that quote, I thought of Wim Hof. Although Wim’s charisma is what sets his method apart from others, the principles he teaches are timeless. For example, in the classic book Science of Breath , the following advice is given to avoid catching a cold: When chilled, breathe vigor"
Yoga breathing significantly reduces PTSD in veterans,"Mon, 02 Dec 2019 13:00:00 +0000",publish,/blog/2019/11/23/yoga-breathing-program-significantly-reduces-ptsd-in-australian-vietnam-veterans,Breathwork techniques and how-to,"For those of you who celebrate, I hope you had a Happy Thanksgiving! I ate enough to almost start mouth breathing… Before we get into this week’s research, I don’t want you to get the impression that breathing will cure PTSD . This study examined using breathing as complementary therapy , one that c"
"Nitric Oxide, Hypoxia, and Batman","Sun, 01 Sep 2019 10:30:00 +0000",publish,/blog/2019/11/3/nitric-oxide-hypoxia-and-batman,Science 411 study breakdowns,"Hi all, Greetings from Lakeland, FL! We live near the east coast of FL, so we evacuated inland. My thoughts are with any of you affected by Dorian. Stay safe! We learned last week that nitric oxide (NO) is a critical in areas of tissue hypoxia ( see review here ). With that in mind, what happens whe"
The importance of tongue placement for breathing and stability,"Sun, 08 Sep 2019 10:30:00 +0000",publish,/blog/2019/11/3/the-importance-of-tongue-placement-for-breathing-and-stability,Breathwork techniques and how-to,"Hi everyone, This week, I want to share a key takeaway from the Oxygen Advantage (OA) teacher training I attended a couple weeks ago. Patrick McKeown (the founder of OA) is a wealth of knowledge. He’s been researching, applying, and teaching about breathing for nearly 20 years. It’s always an honor "
Nasal breathing synchronizes brain wave activity and improves cognitive function,"Mon, 11 Nov 2019 13:00:00 +0000",publish,/blog/2019/11/4/nasal-breathing-synchronizes-brain-wave-activity-and-improves-cognitive-function,Breathwork techniques and how-to,"Last week , we discussed century-old ideas about nasal breathing and mental function. I said that current science is beginning to catch up. Here’s how. Modern Science Supports 100 Year-Old Observations A study published in 2016 in The Journal of Neuroscience showed that nasal breathing is intimately"
Breathing Actually Reduces Oxygen (by 97%),"Mon, 18 Nov 2019 13:00:00 +0000",publish,/blog/2019/11/9/why-we-breathe,Breathwork techniques and how-to,"You’ve probably heard some variation of this by now: You can go weeks without eating, days without water, but only minutes with breathing. But, have you stopped to think about what that really means? I think we’d all agree that what we drink affects more than just hydration. (For example, weight los"
"Heart Rate Variability, Stress Response, and PTSD","Mon, 23 Dec 2019 11:30:00 +0000",publish,/blog/2019/12/17/qx9kylvlgkgxj2frmutq9an0dx0gxa,Nervous system science,"In post-traumatic stress disorder (PTSD), physiological arousal is increased when a person is reminded of their traumatic experience. This is somewhat unsurprising. An over activated sympathetic nervous system almost certainly plays a role in this. However, under activation of the parasympathetic ne"
Our Breathing is Shallow and Irregular for 1/3 of Our Lives,"Mon, 09 Dec 2019 14:00:00 +0000",publish,/blog/2019/12/3/your-breathing-is-shallow-and-irregular-for-almost-13-of-your-life,Breathwork techniques and how-to,"Two weeks ago, we discussed some surprising aspects of breathing during sleep. Quick recap: Breathing volume is significantly reduced (by 8-16%) O2 drops and CO2 increases significantly Breathing rate remains the same, or even increases I often work backwards, reading one paper, then getting super e"
Nasal Nitric Oxide: Our Body's Answer to Gravity?,"Mon, 06 Jan 2020 11:30:00 +0000",publish,/blog/2019/12/30/jz50b3hqpa40k9nvhxwqqqb0e2287a,Breathwork techniques and how-to,"Gravity is pretty awesome. After all, it keeps us here on Earth. And when our bodies are not subject to gravity (say, if you’re an astronaut), some crazy things happen. For example, Astronauts lose 25% of their aerobic capacity in 7-14 days (it usually takes 10 years to lose 10% here on Earth) Bone "
Breathing as an Integrated Approach to Health and Well-Being,"Mon, 30 Dec 2019 11:30:00 +0000",publish,/blog/2019/12/9/breathing-as-an-integrated-approach-to-health-and-well-being,Breathwork techniques and how-to,"I recently hit a plateau with breathing. I had been practicing my principles and reading everything I could find. I was doing everything “right.” However, my breath holds and CO2 tolerance had become stagnant. I felt good, but I had just stopped progressing. I thought, “this must be where I’m suppos"
The benefits of resistance breathing,"Sun, 15 Sep 2019 10:30:00 +0000",publish,/blog/2019/9/15/the-benefits-of-resistance-breathing,Breathwork techniques and how-to,"Hi all, When I first saw the breathing mask from the Oxygen Advantage, I swore I’d never use it. I thought wearing a mask for breathing was silly. What I love about breathing is its simplicity . However, because I got the Sports Mask as part of the training a couple weeks ago, I gave it a shot. And "
The protective effects of intermittent hypoxia,"Sun, 22 Sep 2019 10:30:00 +0000",publish,/blog/2019/9/22/the-protective-effects-of-intermittent-hypoxia,Other,"Hi everyone, Happy (almost) Fall! A few weeks ago, we learned that intermittent hypoxia increases nitric oxide (NO) production and storage. The paper I’m sharing this week examines NO’s protective effects during hypoxia . The protective role of nitric oxide during adaptation to hypoxia ( Read on web"
Increase brain blood flow by 20%,"Sun, 29 Sep 2019 10:30:00 +0000",publish,/blog/2019/9/29/increase-brain-blood-flow-by-20,Focus and performance,"Hi everyone, Over the last month, we’ve learned several important aspects of intermittent hypoxia (IH). For example, IH increases immune function and the production and storage of nitric oxide . Although we’ve only scratched the surface on IH, I want to wrap up the discussion (for now) with one of m"
Nasal Nitric Oxide is My New Favorite Gas,"Mon, 20 Jan 2020 11:30:00 +0000",publish,/blog/2020/1/20/nasal-nitric-oxide-new-favorite,Breathwork techniques and how-to,"The nose warms and humidifies incoming air. We’ve heard that a lot. However, when you dig into the scientific literature, you learn that nitric oxide (NO) might outweigh all other aspects of nasal breathing. It’s actually hard to overstate the benefits of nasal NO . Which brings us to this week’s pa"
What an Ancient Philosopher Can Teach Us About Breathing,"Mon, 27 Jan 2020 11:30:00 +0000",publish,/blog/2020/1/20/what-ancient-philosophers-can-teach-us-about-breathing,Breathwork techniques and how-to,"I am clearly a big fan of theory. I love to read and learn how things work (especially breathing). And since you are reading this, I am guessing you do too. Something I constantly struggle with is the balance between theory and practice. I get joy from reading, but everything I learn would be useles"
The 3 Mistakes to Avoid with Breathing,"Fri, 24 Jan 2020 09:50:15 +0000",draft,/blog/2020/1/24/the-3-mistakes-to-avoid-with-breathing,Breathwork techniques and how-to,"1. Following a “Method” Unless you have two noses or 3 mouths, there is not going to be a secret method to breathing. 2. Inconsistency Breathing is both a short and long-term game. You will immediately feel calmer, more relaxed, and more focused upon completing a slow breathing session. Your blood p"
One year of slow breathing increases HRV and reduces HbA1c,"Mon, 03 Feb 2020 11:30:00 +0000",publish,/blog/2020/1/29/6d8az2ktlj5sw6k4p5g7yvulezj30o,Breathwork techniques and how-to,"It’s rare to find a long-duration breathing study. Typically, they examine effects lasting only minutes to hours. Then, it’s up to us to extrapolate the long-term benefits. This paper was different. Effect Of Diaphragmatic Breathing On Heart Rate Variability In Ischemic Heart Disease With Diabetes ("
Breathing and Brushing Your Teeth,"Mon, 13 Jan 2020 11:30:00 +0000",publish,/blog/2020/1/6/breathing-and-brushing-your-teeth,Breathwork techniques and how-to,"I’m pretty obsessive about my breathing practice and I tend to over-analyze every session. “ Why did it feel harder today ? Was I breathing light enough ? I need to increase my CO2 more… ” It goes on and on. Recently, however, I heard something awesome in a “+1” from Brian Johnson . He quoted a grea"
Obstructive Sleep Apnea Lowers Nitric Oxide (plus a big backpack),"Mon, 17 Feb 2020 11:30:00 +0000",publish,/blog/2020/2/12/osa-reduces-nitric-oxide-nasal-breathing-restores-it,Sleep,"The 100 Mile Ruck webpage is almost ready. The folks at HHPF plan to have it up by Wednesday. I’ll send you a super quick email when I hear it’s ready. In the meantime, here is this week’s dose of breathing science. Circulating nitric oxide is suppressed in obstructive sleep apnea and is reversed by"
Exercise and Hypoxia Increase Insulin Sensitivity (&amp; 100 Mile Ruck Website),"Mon, 24 Feb 2020 11:30:00 +0000",publish,/blog/2020/2/13/exercise-hypoxia-increased-insulin-sensitivity,Diabetes and metabolic health,"There are many paradoxes in breathing. For example , breathing less air delivers more oxygen to your cells. Here is another one. Many diabetic complications (for example, insulin resistance) are rooted in tissue hypoxia . Yet, the deliberate practice of intermittent hypoxia (IH) can improve insulin "
I'm Rucking 100 Miles + Diaphragmatic Breathing Improves HbA1c,"Mon, 10 Feb 2020 11:30:00 +0000",publish,/blog/2020/2/2/diaphragmatic-breathing-improves-antioxidant-and-hba1c-status,Breathwork techniques and how-to,"Announcement: I’m Rucking 100 Miles for Chronic Disease On Leap Day, February 29th, I’m going to ruck 100 miles to raise money for the Health and Human Performance Foundation ( HHPF ). If you’ve been following me for a little while, you know I’m a huge fan of their mission. They are an amazing nonpr"
Relaxation Breathing Reduces Blood Sugar Spikes,"Mon, 02 Mar 2020 11:30:00 +0000",publish,/blog/2020/2/20/relaxation-breathing-improves-human-glycemic-response-wilson-et-al-2013,Breathwork techniques and how-to,"This week, I am sharing one of those amazing papers that I read and underline the whole thing. Despite having a small sample size, it hints at the incredible benefits of breathing for optimal blood sugars. Relaxation Breathing Improves Human Glycemic Response ( Click Here to Read the Full Summary ) "
How Nasal Breathing is Imprinted on the Brain - And What it Means for You,"Mon, 16 Mar 2020 10:30:00 +0000",publish,/blog/2020/3/10/how-nasal-breathing-is-imprinted-on-the-brain-and-what-it-means-for-you,Breathwork techniques and how-to,"It feels somewhat odd to send to write a post breathing right now. There are certainly bigger problems to worry about. But, I hope this can, at the very least, serve as a distraction. Stay healthy and stay safe! It makes sense that our brains have regions that “light up” when we smell something. But"
Breathing and COVID-19 (Plus 4.5 Ways to Increase Nitric Oxide),"Mon, 23 Mar 2020 10:30:00 +0000",publish,/blog/2020/3/16/vasorelaxation-by-red-blood-cells-and-impairment-in-diabetes,Breathwork techniques and how-to,"I’ve stated previously that nitric oxide (NO) is my favorite gas. Recently, the breathing community has jumped on it for its antiviral effects. The thought is that nasal NO could serve as our first line of defense against COVID-19. While I see how that argument makes sense, I don’t think anyone real"
Two Simple Ways to Improve Your Sleep Tonight,"Mon, 30 Mar 2020 10:30:00 +0000",publish,/blog/2020/3/26/how-charles-dickens-changed-our-sleep,Sleep,"Charles Dickens just walked into a hotel room. The year is 1860. As arguably the most famous author alive, you might think he set up his writing station and poured a glass of Brandy. Instead, he pulled out his compass and rearranged the place [1]. Dickens’ Odd Fix for Insomnia Dickens believed that "
,"Sat, 28 Mar 2020 09:17:48 +0000",draft,/blog/2020/3/28/mtf37qyu2g47of2ka8ir6z85jzvp3v,General wellness,"In 1968, Waste Management, Inc was founded by Wayne Huizenga and two other investors. They rapidly grew by acquiring smaller companies, purchasing 133 businesses before going public in 1972, only 4 years since conception. Today, WM has over 21 million customers and 43,000 employees. As someone who p"
Can Breathing Improve Insulin Sensitivity? (+ 35 hours &amp; 291 miles),"Mon, 09 Mar 2020 10:30:00 +0000",publish,/blog/2020/3/4/insulin-sensitivity,Breathwork techniques and how-to,"On Valentine’s Day, the CDC published a report documenting trends in diabetes incidence from 2002-2015. The take-home message: Rates of diabetes, both type-1 and type-2, are increasing in people less than 20 years old, especially in racial and ethnic minority populations. Results like this make no-c"
"Unlock Your Breathing ""Combination Lock""","Mon, 06 Apr 2020 10:30:00 +0000",publish,/blog/2020/4/1/unlock-the-potential-of-your-nose,Breathwork techniques and how-to,"For each scientific paper I read, I ask myself, “ What practical takeaways can my readers and I apply in our lives today based on these results? ” I usually get similar answers: (1) Breathe slowly, (2) breathe through your nose, or (3) hold your breath. (This is how I discovered the three breathing "
The One Percent Rule of Breathing (&amp; Bravest Podcast Interview),"Mon, 20 Apr 2020 10:30:00 +0000",publish,/blog/2020/4/14/the-one-percent-rule-of-breathing,Breathwork techniques and how-to,"Craig Kasper invited me on his podcast, Bravest, to discuss all things breathing and diabetes. It should be released later today. Craig is a type-1 diabetic and a genuinely good person. We had a lot of fun, and I hope you’ll give it a listen. Listen Here: Bravest The Pareto Principle, or 80/20 rule,"
The Best Way to Begin Slow Breathing,"Mon, 27 Apr 2020 10:30:00 +0000",publish,/blog/2020/4/23/the-best-way-to-begin-slow-breathing,Breathwork techniques and how-to,"“The secret of making progress is to get started. The secret to starting is to divide your complex, overwhelming task into small, manageable tasks, and then start the first.” - Mark Twain Slow breathing has many benefits. For example, it improves cardiovascular and autonomic functioning. However, as"
Lack of Oxygen Might be the Root Cause of Diabetic Complications,"Mon, 04 May 2020 10:30:00 +0000",publish,/blog/2020/4/29/integrated-cardio-respiratory-control-in-type-1-diabetes,Diabetes and metabolic health,"Since we cannot know all that there is to be known about anything, we ought to know a little about everything. ” - Blaise Pascal People with diabetes are at an increased risk of cardiovascular and autonomic problems. Diabetics also display altered respiratory control, for example, showing depressed "
Are Long-Term Diabetic Complications Reversible?,"Mon, 13 Apr 2020 10:30:00 +0000",publish,/blog/2020/4/8/are-some-diabetic-complications-reversible,Diabetes and metabolic health,"As a person with type-1 diabetes, long-term complications are like the boogeyman. I hide under the covers, turn off the lights, and they can’t get me. I am healthy, after all. Right? But the truth is, diabetic complications are more common than I would like to admit. There are, however, two pieces o"
Finding Understanding in Explanation,"Mon, 18 May 2020 10:30:00 +0000",publish,/blog/2020/5/13/can-breathing-principles-change,Breathwork techniques and how-to,"“Simplify!” - Ray Dalio In “ A Mind for Numbers ,” Barbara Oakley tells us: “You may think you really have to understand something in order to explain it. But observe what happens when you are talking to other people about what you are studying. You’ll be surprised to see how often understanding ari"
Breathing Restores Autonomic Control in Type-2 Diabetics with Complications,"Mon, 25 May 2020 10:30:00 +0000",publish,/blog/2020/5/15/idea-1-slow-breathing-type-2,Breathwork techniques and how-to,"“ Quit worrying about your health. It’ll go away. ” - Robert Orben As people with diabetes (type 1 or 2), we know our bodies are under extra stress. This is due to things like fluctuating blood sugars and chronic inflammation. These factors can gradually accumulate into nerve damage and a variety of"
Idea 2 - Nitric Oxide,"Fri, 15 May 2020 10:31:30 +0000",draft,/blog/2020/5/15/idea-2-nitric-oxide,Breathwork techniques and how-to,Nasal NO vs. Systemic NO https://www.thebreathingdiabetic.com/manukhina-et-al-1999 https://www.thebreathingdiabetic.com/manukhina-et-al-2000
Breathing is the Compound Interest of Health,"Mon, 01 Jun 2020 10:30:00 +0000",publish,/blog/2020/5/21/breathing-is-the-compound-interest-of-health,Breathwork techniques and how-to,""" He who labors diligently need never despair; for all things are accomplished by diligence and labor. "" - Menander (342 BC - 292 BC) Correct breathing synchronizes many systems in the body. This coherence compounds over time. Breathing improves your sleep [1,2]. Better sleep improves your cardiovas"
Slow Breathing &amp; High Blood Pressure: What it Means for Diabetes and COVID-19,"Mon, 11 May 2020 10:30:00 +0000",publish,/blog/2020/5/7/high-blood-pressure-diabetes-and-covid-19,Breathwork techniques and how-to,"“ Trees and plants depend on the weather to flourish but I make my own weather, yea I transport it with me. ” - Og Mandino Recent reports have shown that high blood pressure is associated with negative outcomes from COVID-19. As people with diabetes, we already knew we were at higher risk when it co"
Two Regulatory Effects of Breathing (+ James Nestor Breathing Q&amp;A),"Mon, 08 Jun 2020 10:30:00 +0000",publish,/blog/2020/6/1/breathing-modulates-the-cardiovascular-system-and-reduces-chemosensitivity,Breathwork techniques and how-to,"“ Waste no more time arguing what a good man should be. Be one. ” - Marcus Aurelius You probably hate Zoom meetings by now. In fact, if you work in an office setting, you’re probably just tired of meetings in general. But every now and then, you have a truly important meeting. You prepare, rehearse,"
Could nasal nitric oxide help to mitigate the severity of COVID-19?,"Mon, 15 Jun 2020 10:30:00 +0000",publish,/blog/2020/6/11/could-nasal-nitric-oxide-help-to-mitigate-the-severity-of-covid-19,Breathwork techniques and how-to,"“ We have too many high sounding words, and too few actions that correspond with them. ” - Abigail Adams When the pandemic began, many people in the “breathing community” immediately started talking about nasal nitric oxide because of its antiviral and antimicrobial effects. Nose breathing seemed li"
Breathe The Change You Want to See (In Your Body),"Mon, 29 Jun 2020 10:30:00 +0000",publish,/blog/2020/6/21/breathe-the-change-you-want-to-see-in-your-body,Breathwork techniques and how-to,""" To say…that a man is made up of certain chemical elements is a satisfactory description only for those who intend to use him as a fertilizer. "" - Herbert J. Muller When I first started a “breathing” practice, it seemed a bit silly. But then I started seeing dramatic improvements in my sleep, energ"
The Breathing 4.1.1.,"Mon, 06 Jul 2020 10:30:00 +0000",publish,/blog/2020/6/27/d3cspv3t9k8oy2t28e12yn5flsyjn0,Breathwork techniques and how-to,"I am trying a new format this week. I’m calling it “The Breathing 4.1.1.” Below, I share 4 thoughts, 1 quote, and 1 answer (think “Jeopardy”). Enjoy! 4 THOUGHTS 1. Expert Q&A on Sleep Tape James Nestor’s first ""expert Q&A"" episode has been released. It’s on sleep tape with Dr. Mark Burhenne. I espec"
The Breathing 4.1.1. - Harder Breathing Techniques and Molecules of Air,"Mon, 13 Jul 2020 10:30:00 +0000",publish,/blog/2020/6/27/d3cspv3t9k8oy2t28e12yn5flsyjn0-k9j6l,Breathwork techniques and how-to,"Welcome to the second edition of ""The Breathing 4.1.1."" Below, I share 4 thoughts, 1 quote, and 1 answer (think ""Jeopardy""). Enjoy! 4 THOUGHTS 1. We Don’t Need Harder Breathing Techniques I recently finished the two-part interview with David Bidler on the Bravest Podcast . I highly recommend listeni"
The Breathing 4.1.1. - Are Type 1 Diabetics Protected from COVID-19?,"Mon, 20 Jul 2020 10:30:00 +0000",publish,/blog/2020/6/27/d3cspv3t9k8oy2t28e12yn5flsyjn0-k9j6l-7bz2h,Breathwork techniques and how-to,"Welcome to the ""The Breathing 4.1.1."" Below, I share 4 thoughts, 1 quote, and 1 answer (think ""Jeopardy""). Enjoy! 4 THOUGHTS 1. Are Type-1 Diabetics Protected from Serious COVID-19 Complications? Not exactly breathing related, but a short article recently published in Medical Hypotheses proposed the"
The Breathing 4.1.1. - Breathing That Makes You Smarter,"Mon, 27 Jul 2020 10:30:00 +0000",publish,/blog/2020/6/27/smarter-breathing,Breathwork techniques and how-to,"Happy Monday and welcome to another edition of ""The Breathing 4.1.1."" Below, I share 4 thoughts, 1 quote, and 1 answer (think ""Jeopardy""). Enjoy! 4 THOUGHTS 1. Why Increasing Your CO2 Tolerance Just Makes Sense i. Carbon dioxide is your primary stimulus to breathe. When you feel breathless or air hu"
Can Overbreathing Cause Osteoporosis?,"Mon, 22 Jun 2020 10:30:00 +0000",publish,/blog/2020/6/9/can-you-over-breathe-yourself-into-osteoporosis,Breathwork techniques and how-to,"“ Life-transforming ideas have always come to me through books. ” - Bell Hooks This week, I want to look at a few fascinating passages on overbreathing from “Breath: The New Science of A Lost Art.” Let’s start with James Nestor’s insight into tissue hypoxia (my bold for emphasis): “ In this, chronic"
The Breathing 4.1.1. - Slow or Control? (+ Seneca on Walking &amp; Breathing),"Mon, 10 Aug 2020 10:30:00 +0000",publish,/blog/2020/8/10/slow-or-controlled,Breathwork techniques and how-to,"Happy Monday to you! Welcome to a new edition of The Breathing 4.1.1. Below you’ll find 4 thoughts, 1 quote, and 1 answer (think ""Jeopardy""). Enjoy! 4 THOUGHTS 1. Breath Rate or Breath Control: Which is More Important? Last week, we talked about a powerful evolutionary advantage : Rather than evolvi"
The Breathing 4.1.1. - The Best Breathing Class You Haven’t Heard Of,"Mon, 17 Aug 2020 10:30:00 +0000",publish,/blog/2020/8/10/slow-or-controlled-7rx33,Breathwork techniques and how-to,"Hello, and Happy Monday! Welcome to another edition of The Breathing 4.1.1. Thank you for reading this. Putting together the 411 emails each week is one of my favorite things to do, so I appreciate that you’re here reading it. Now, on to the email. Below you’ll find 4 thoughts, 1 quote, and 1 answer"
The Breathing 4.1.1. - Can This Acid Help You Digest Oxygen Better?,"Mon, 03 Aug 2020 10:30:00 +0000",publish,/blog/2020/8/3/breathing-acids,Breathwork techniques and how-to,"I hope this edition of ""The Breathing 4.1.1"" helps start your week off right. Below you’ll find 4 thoughts, 1 quote, and 1 answer (think ""Jeopardy""). Enjoy! 4 THOUGHTS 1. My #1 Non-Breathing Tip to Improve Your Breathing There are non-breathing ways to improve your breathing. Here’s the easiest and "
21 One-Sentence Breathing Ideas,"Fri, 01 Jan 2021 10:53:09 +0000",publish,/blog/21-one-sentence-ideas,Breathwork techniques and how-to,"Breathing ideas are often long-winded, but they don't have to be. Here, are 21 one-sentence breathing ideas to kick off 2021. 1. Breathing is the compound interest of health and wellness. 2. Correct breathing is a keystone habit that forms the foundation of good health. 3. Breathing is not a panacea"
22 One-Sentence Breathing Ideas for 2022,"Sat, 01 Jan 2022 08:00:00 +0000",publish,/blog/22-sentence-ideas,Breathwork techniques and how-to,Let’s continue the tradition this year. Here are 22 one-sentence breathing ideas to kick off 2022. Enjoy! *** Related: 21 One-Sentence Breathing Ideas for 2021 1. Demonstrations of breathing are small compared with the great thing that is hidden behind them. (Inspired by a Khalil Gibran Quote) 2. Br
23 One-Sentence Breathing Ideas for 2023,"Sun, 01 Jan 2023 05:01:00 +0000",publish,/blog/23-one-sentence-2023,Breathwork techniques and how-to,"1. You don’t have to meditate; breathing meditates you. P.S. This was inspired by this excellent quote in Blue Mind: “ This is the huge advantage of water: you don’t need to meditate to take advantage of its healing effects because it meditates you. ” 2. Physically, wherever you find your breath, yo"
"24 Ideas, Favorite Books of 2023, and the Secret to Healing","Mon, 01 Jan 2024 11:28:00 +0000",publish,/blog/24-ideas-best-books-of-2023-the-secret-to-healing,Breathwork techniques and how-to,"Listen Instead of Reading If you enjoy listening, you can subscribe to the audio version on Spotify , Apple Podcasts , and Audible so you don’t even have to look at the email 😊 Enjoy My Work? Donate to keep me breathing. Reading Time: 1 min 27 sec I hope the next 22’ish breaths are the most nourishi"
24 One-Sentence Breathing Ideas for 2024,"Mon, 01 Jan 2024 05:00:00 +0000",publish,/blog/24-one-sentence-breathing-ideas-for-2024,Breathwork techniques and how-to,"We’ve made it four years straight with this one-sentence idea. Here’s to many more 🙏 1. Breathing saves your life 20,000 times a day; mindfulness helps you appreciate this truth. 2. Breathing is 90% mental; the other half is physical. 3. The best healing breathing exercise is laughter. 4. The greate"
"3 Great Science Quotes, Slowing Down, and Finding Beauty in Imperfection","Mon, 07 Jul 2025 10:28:00 +0000",publish,/blog/3-great-science-quotes-slowing-down-and-finding-beauty-in-imperfection,Anxiety and stress,"Reading Time: 1 min 45 sec I hope the next 21’ish breaths are the most nourishing of your day. 4 THOUGHTS 1. Slowing Down Makes You Faster “Emotional control rules your ability to get results under pressure. The foundation of emotional control is a calmer, clearer mind…If you can slow down, you can "
"3 Healing Breaths, a Celebration, and a Thought Experiment","Mon, 19 Dec 2022 11:29:00 +0000",publish,/blog/3-healing-breaths-thought-experiment,Breathwork techniques and how-to,"Listen Instead of Reading If you enjoy listening, you can subscribe to the audio version on Spotify , Apple Podcasts , and Audible so you don’t even have to look at the email 😊 Get this in your inbox every Monday at 6:30 a.m. Eastern. Email Address Sign Up We respect your privacy. Thank you! A Celeb"
"3 Simple Lessons, Why We Practice, and the Most Important Determinant","Mon, 02 Oct 2023 10:28:00 +0000",publish,/blog/3-lessons-why-we-practice-most-important-determinant,Breathwork techniques and how-to,"Listen Instead of Reading If you enjoy listening, you can subscribe to the audio version on Spotify , Apple Podcasts , and Audible so you don’t even have to look at the email 😊 Reading Time: 1 min 57 sec I hope the next 30ish breaths are the most nourishing of your day. 4 THOUGHTS 1. Breathing Exerc"
"30 Seconds, Wim Hof Wisdom, and 23 One-Sentence Breathing Ideas","Mon, 02 Jan 2023 11:28:00 +0000",publish,/blog/30-seconds-wim-hof-wisdom,Breathwork techniques and how-to,"Listen Instead of Reading If you enjoy listening, you can subscribe to the audio version on Spotify , Apple Podcasts , and Audible so you don’t even have to look at the email 😊 Get this in your inbox every Monday at 6:30 a.m. Eastern. Email Address Sign Up We respect your privacy. Thank you! 4 Thoug"
"Wim Hof vs. Wim Hof, the Three P's, and Breathing like Journalists","Mon, 31 Jan 2022 11:25:00 +0000",publish,/blog/3ps-whm-vs-whm,Breathwork techniques and how-to,"🎧 Listen Instead of Reading 🎧 If you enjoy listening, you can subscribe to the audio version on Spotify , Apple Podcasts , and Audible so you don’t even have to look at the email 😊 Get this in your inbox every Monday at 6:30 a.m. Eastern. Email Address Sign Up We respect your privacy. Thank you! 4 T"
"4 Lessons in 4 Years, Behind the Scenes, and Establishing Inner Calm","Mon, 30 Jan 2023 11:28:00 +0000",publish,/blog/4-lessons-inner-calm,Anxiety and stress,"Listen Instead of Reading If you enjoy listening, you can subscribe to the audio version on Spotify , Apple Podcasts , and Audible so you don’t even have to look at the email 😊 Get this in your inbox every Monday at 6:30 a.m. Eastern. Email Address Sign Up We respect your privacy. Thank you! A Speci"
"Four Qualities to Develop, and Why Breathing Might Be a Panacea","Mon, 17 Oct 2022 10:24:00 +0000",publish,/blog/4-qualities-panacea,Breathwork techniques and how-to,"Listen Instead of Reading If you enjoy listening, you can subscribe to the audio version on Spotify , Apple Podcasts , and Audible so you don’t even have to look at the email 😊 Get this in your inbox every Monday at 6:30 a.m. Eastern. Email Address Sign Up We respect your privacy. Thank you! 4 Thoug"
"4 Tiny Thoughts, 3 Ways to Success, and What the Buddha Lost","Mon, 01 Apr 2024 10:28:00 +0000",publish,/blog/4-tiny-thoughts-3-ways-to-success-what-the-buddha-lost,Breathwork techniques and how-to,"Listen Instead of Reading If you enjoy listening, you can subscribe to the audio version on Spotify , Apple Podcasts , and Audible so you don’t even have to look at the email 😊 Enjoy These Posts? Donate to support my research. Reading Time: 1 min 49 sec I hope the next 27’ish breaths are the most no"
"5 Great Apps, Less Work, and a Simple Way to Laugh More","Mon, 24 Apr 2023 10:28:00 +0000",publish,/blog/5-apps-less-work-laugh-more,Breathwork techniques and how-to,"Listen Instead of Reading If you enjoy listening, you can subscribe to the audio version on Spotify , Apple Podcasts , and Audible so you don’t even have to look at the email 😊 A New Breath-Based Stress-Reduction Protocol A reminder that I’m leading a 4-week course starting May 7th called Breathing "
"Free 5-day Course, an Inspiring Study, and the Heart of Life","Mon, 06 Feb 2023 11:28:00 +0000",publish,/blog/5-day-yoga-breathing-heart,Science 411 study breakdowns,"Listen Instead of Reading If you enjoy listening, you can subscribe to the audio version on Spotify , Apple Podcasts , and Audible so you don’t even have to look at the email 😊 Get this in your inbox every Monday at 6:30 a.m. Eastern. Email Address Sign Up We respect your privacy. Thank you! 4 Thoug"
"The 5 Exhales, Spirit, and How One Word Makes Breath Holds Easier","Mon, 08 Nov 2021 11:25:00 +0000",publish,/blog/5-exhales-pause,Breathwork techniques and how-to,Listen Instead of Reading 4 Thoughts 1. The 5 Exhales of Slow Breathing Here are 5 different exhales you can try during your slow breathing practice. Give them a shot and see which one brings you the most relaxation. Nasal exhale Audible pursed-lips (like blowing out birthday candles) Barely audible
"A 10-15-75 Formula, Laughter, and a Menu of Mind-Body Benefits","Mon, 04 Nov 2024 11:28:00 +0000",publish,/blog/a-10-15-75-formula-laughter-menu-of-benefits,Breathwork techniques and how-to,"Listen Instead of Reading If you enjoy listening, you can subscribe to the audio version on Spotify , Apple Podcasts , and Audible so you don’t even have to look at the email 😊 Enjoy These Posts? Donate to support this newsletter & podcast. Reading Time: 1 min 38 sec I hope the next 20’ish breaths a"
"A Better Life, 30-Second Science, and the Tibetan Yoga of Breath","Mon, 26 Jan 2026 11:28:00 +0000",publish,/blog/a-better-life-30-second-science-tibetan-yoga-of-breath,Breathwork techniques and how-to,"Reading Time: 1 min 45 sec I hope the next 21-ish breaths are the most nourishing of your day. 4 THOUGHTS 1. A Better Life Outside of Practice “We expand our inner presence and relaxation…and, over time, we find more and more of that inner expansion and relaxation in daily life. The same is true of "
"A Clearer Life, Quiet Joy, and 3 Random Thoughts","Mon, 07 Oct 2024 10:28:00 +0000",publish,/blog/a-clearer-life-quiet-joy-3-random-thoughts,Focus and performance,"Listen Instead of Reading If you enjoy listening, you can subscribe to the audio version on Spotify , Apple Podcasts , and Audible so you don’t even have to look at the email 😊 Enjoy These Posts? Donate to support this newsletter & podcast. Reading Time: 1 min 38 sec I hope the next 20’ish breaths a"
"A Fulfilling Life, How to End, and How to Meditate without Meditating","Mon, 19 Feb 2024 11:28:00 +0000",publish,/blog/a-fulfilling-life-how-to-end-how-to-meditate-without-meditating,Breathwork techniques and how-to,"Listen Instead of Reading If you enjoy listening, you can subscribe to the audio version on Spotify , Apple Podcasts , and Audible so you don’t even have to look at the email 😊 Enjoy These Posts? Donate to support my research. Reading Time: 1 min 56 sec I hope the next 29’ish breaths are the most no"
"A Funny 1-Minute Story, Instant Calm, and Creating Hope &amp; Contentment","Mon, 10 Mar 2025 10:28:00 +0000",publish,/blog/a-funny-1-minute-story-instant-calm-and-creating-hope-contentment,Anxiety and stress,"Reading Time: 1 min 40 sec I hope the next 20’ish breaths are the most nourishing of your day. Reminder: SKY Breath Course Starts Today There is still time to sign up for the SKY Breathing Course starting today. My good friend (and all-around wonderful person) Colleen Loehr, MD, is co-leading it, an"
"A Helpful Breathing Tip, Two Ways, and How to Build a Stronger Mind","Mon, 17 Jul 2023 10:28:00 +0000",publish,/blog/a-helpful-breathing-tip-two-ways-how-to-build-a-stronger-mind,Breathwork techniques and how-to,"Listen Instead of Reading If you enjoy listening, you can subscribe to the audio version on Spotify , Apple Podcasts , and Audible so you don’t even have to look at the email 😊 4 THOUGHTS 1. The Most Helpful Breathing Tip I’ve Found (it’s embarrassingly cliché & simple) Don’t take ten breaths. Take "
"A Mini Life, Breath-Brain, and Helping Everyone Else Relax","Mon, 18 Nov 2024 11:28:00 +0000",publish,/blog/a-mini-life-breath-brain-helping-everyone-else-relax,Focus and performance,"Listen Instead of Reading If you enjoy listening, you can subscribe to the audio version on Spotify , Apple Podcasts , and Audible so you don’t even have to look at the email 😊 Audio Block Double-click here to upload or link to a .mp3. Learn more Enjoy These Posts? Donate to support this newsletter "
"A Trained Mind, Created By the Breath, and How To Be Better At Anything","Mon, 02 Feb 2026 11:28:00 +0000",publish,/blog/a-trained-mind-created-by-the-breath-how-to-be-better-at-anything,Breathwork techniques and how-to,Reading Time: 1 min 45 sec I hope the next 21-ish breaths are the most nourishing of your day. 4 THOUGHTS 1. Slow Breathing Helps Across Various Conditions “The results of this review provide evidence that HRVB and PB [paced breathing] at approximately six breaths per minute have positive effects on
"After 8 Years, How to Be Like Water, and Our Body’s Love Language","Mon, 23 Dec 2024 11:28:00 +0000",publish,/blog/after-8-years-how-to-be-like-water-our-bodys-love-language,Breathwork techniques and how-to,"Listen Instead of Reading If you enjoy listening, you can subscribe to the audio version on Spotify , Apple Podcasts , and Audible so you don’t even have to look at the email 😊 Enjoy These Posts? Donate to support this newsletter & podcast. Reading Time: 1 min 36 sec I hope the next 20’ish breaths a"
"Aging, Wonderful Outcomes, and the Secret of an Unhurried Mind","Mon, 11 Mar 2024 10:28:00 +0000",publish,/blog/aging-wonderful-outcomes-secret-of-an-unhurried-mind,Contemplative practice and mindfulness,"Listen Instead of Reading If you enjoy listening, you can subscribe to the audio version on Spotify , Apple Podcasts , and Audible so you don’t even have to look at the email 😊 Enjoy These Posts? Donate to support my research. Reading Time: 1 min 48 sec I hope the next 27’ish breaths are the most no"
"Alcohol, and Why You’ll Forget About Breathing","Mon, 23 Nov 2020 11:30:00 +0000",publish,/blog/alcohol-and-forget,Breathwork techniques and how-to,"Hello, and Happy Monday. Here are 4 thoughts, 1 quote, and 1 answer that I hope you enjoy this week. 4 THOUGHTS 1. Cure Your Hangover: Why We Can’t Always Wait on Science "" If you have a hangover…if you do 20 minutes of this breathing, then you have no hangover anymore. You are learning to detox you"
"All 3 at Once, Laughing Monks, and Naturally Arising Compassion","Mon, 29 May 2023 10:28:00 +0000",publish,/blog/all-3-at-once-laughing-monks-naturally-arising-compassion,Focus and performance,"Listen Instead of Reading If you enjoy listening, you can subscribe to the audio version on Spotify , Apple Podcasts , and Audible so you don’t even have to look at the email 😊 4 THOUGHTS 1. Breathing Does All Three at Once A body scan focuses on your physical being. Observing your thoughts focuses "
How I Trained for Altitude and Why We All Benefit from Breath Training,"Mon, 13 Sep 2021 10:25:00 +0000",publish,/blog/altitude-and-breath-training,Breathwork techniques and how-to,Listen Instead of Reading Autonomic Neuroscience says slow breathing is for diabetes & hypertension. Harvard Medical School says yogic breathing is for stress. And Tibetan Yoga says breath training is for everyone. Let’s see how… 4 Thoughts 1. How I Trained for High Altitude (it’s not what you might
"Alzheimer’s, Nose vs. Mouth, and How to Find the Perfect Practice","Mon, 15 May 2023 10:28:00 +0000",publish,/blog/alzheimers-nose-mouth-how-to-find-the-perfect-practice,Breathwork techniques and how-to,"Listen Instead of Reading If you enjoy listening, you can subscribe to the audio version on Spotify , Apple Podcasts , and Audible so you don’t even have to look at the email 😊 4 THOUGHTS 1. The Smiling of Breathing Slow breathing is to breath exercises what smiling is to facial expressions. 2. Slow"
"Is this Amazing or Dangerous, Longevity, and How to Create More Time","Mon, 04 Sep 2023 10:28:00 +0000",publish,/blog/amazing-or-dangerous-longevity-how-to-create-more-time,Breathwork techniques and how-to,"Listen Instead of Reading If you enjoy listening, you can subscribe to the audio version on Spotify , Apple Podcasts , and Audible so you don’t even have to look at the email 😊 4 THOUGHTS 1. Yoga Breathing, Meditation, and Longevity “By inducing stress resilience, breath work enables us to rapidly a"
"Alternate Nostril Breathing, 70% Exhales, and How to be ""Happy Right Away""","Mon, 29 Nov 2021 11:25:00 +0000",publish,/blog/anb-70-percent,Breathwork techniques and how-to,"Listen Instead of Reading 4 Thoughts 1. A Friendly Reminder to Exhale More than 70% In Heart Breath Mind , Leah Lagos discusses a fascinating study where a group of people were instructed to only exhale about 70% of their air with each breath. Here’s what happened: “ After just 30 seconds of this su"
"Neat Breath Science, 3 Sentences to Live By, and it is a Panacea","Mon, 05 Dec 2022 11:29:00 +0000",publish,/blog/antioxidant-panacea-3-sentences,Breathwork techniques and how-to,"Listen Instead of Reading If you enjoy listening, you can subscribe to the audio version on Spotify , Apple Podcasts , and Audible so you don’t even have to look at the email 😊 Get this in your inbox every Monday at 6:30 a.m. Eastern. Email Address Sign Up We respect your privacy. Thank you! 4 Thoug"
"Art Of Being Wise, Not Most People, and Deep Psycho-Physical Changes","Mon, 14 Apr 2025 10:28:00 +0000",publish,/blog/art-of-being-wise-not-most-people-and-deep-psycho-physical-changes,Focus and performance,"Reading Time: 1 min 41 sec I hope the next 20’ish breaths are the most nourishing of your day. 4 THOUGHTS 1. Most People Don’t Realize This “…most people don’t realize the profound potential the breath has for mental health. How we breathe impacts our heart rate, blood pressure, emotions, and memory"
"Better Attention, Lasting Joy, and How to Age Successfully (in 5 min)","Mon, 09 May 2022 10:25:00 +0000",publish,/blog/attention-joy-aging,Breathwork techniques and how-to,"🎧 Listen Instead of Reading 🎧 If you enjoy listening, you can subscribe to the audio version on Spotify , Apple Podcasts , and Audible so you don’t even have to look at the email 😊 Get this in your inbox every Monday at 6:30 a.m. Eastern. Email Address Sign Up We respect your privacy. Thank you! 4 T"
"Become More You, Deep Changes, and Benefiting Those We Encounter","Mon, 22 Jul 2024 10:28:00 +0000",publish,/blog/become-more-you-deep-changes-benefiting-those-we-encounter,Breathwork techniques and how-to,"Listen Instead of Reading If you enjoy listening, you can subscribe to the audio version on Spotify , Apple Podcasts , and Audible so you don’t even have to look at the email 😊 Enjoy These Posts? Donate to support this newsletter & podcast. Reading Time: 1 min 39 sec I hope the next 25’ish breaths a"
"The Best Morning Breathing Exercise, Air Candy, and Greater Calmness","Mon, 08 May 2023 10:28:00 +0000",publish,/blog/best-morning-breathing-air-candy-calmness,Breathwork techniques and how-to,"Listen Instead of Reading If you enjoy listening, you can subscribe to the audio version on Spotify , Apple Podcasts , and Audible so you don’t even have to look at the email 😊 4 THOUGHTS 1. Air Candy Gratitude turns an ordinary breath into air candy. 2. The Best Morning Breathing Exercise The best "
"Best Place to Start, Self-Regulation, and How to Move Forward","Mon, 14 Oct 2024 10:28:00 +0000",publish,/blog/best-place-to-start-self-regulation-how-to-move-forward,Breathwork techniques and how-to,"Listen Instead of Reading If you enjoy listening, you can subscribe to the audio version on Spotify , Apple Podcasts , and Audible so you don’t even have to look at the email 😊 Enjoy These Posts? Donate to support this newsletter & podcast. Reading Time: 1 min 42 sec I hope the next 21’ish breaths a"
The Breathing 411 - The Best (and Second Best) Time to Start,"Mon, 14 Sep 2020 10:30:00 +0000",publish,/blog/best-time-to-start,Breathwork techniques and how-to,"Welcome to another edition of The Breathing 4.1.1. Below, you’ll find 4 thoughts, 1 quote, and 1 answer (like ""Jeopardy"") related to breathing. Let’s jump right in. 4 THOUGHTS 1. The Best Way to Invest in Your Health Investing in your breathing is like putting your money in an S&P 500 index fund. Yo"
"Better Decisions, Health &amp; Happiness, and Why We Train the Mind","Mon, 01 Dec 2025 11:28:00 +0000",publish,/blog/better-decisions-health-happiness-why-we-train-the-mind,Anxiety and stress,"Reading Time: 1 min 41 sec I hope the next 20-ish breaths are the most nourishing of your day. 4 THOUGHTS 1. How to Make Better Decisions: Take 5 Breaths “Taking five deep, intentional breaths activates your parasympathetic nervous system, grounds you in the present moment, and begins to calm the st"
"Better Learning, Life's Lifeline, and How We Breathe is Who We Are","Mon, 03 Jul 2023 10:28:00 +0000",publish,/blog/better-learning-life-lifeline-how-we-breathe-is-who-we-are,Breathwork techniques and how-to,"Listen Instead of Reading If you enjoy listening, you can subscribe to the audio version on Spotify , Apple Podcasts , and Audible so you don’t even have to look at the email 😊 4 THOUGHTS 1. How We Breathe is Who We Are “Breathing is about much more than simple gas exchange or even cardiorespiratory"
"Better Mental Health, Letting Go with Gratitude, and Is This Healing?","Mon, 31 Jul 2023 10:28:00 +0000",publish,/blog/better-mental-health-letting-go-gratitude-healing,Contemplative practice and mindfulness,"Listen Instead of Reading If you enjoy listening, you can subscribe to the audio version on Spotify , Apple Podcasts , and Audible so you don’t even have to look at the email 😊 4 THOUGHTS 1. Breathing for Better Mental and Emotional Health “The information presented is interesting and inspiring. The"
"Better Results, Seeds of Joy, and What it Truly Means to be Alive","Mon, 18 Mar 2024 10:28:00 +0000",publish,/blog/better-results-seeds-of-joy-what-it-truly-means-to-be-alive,Sleep,"Listen Instead of Reading If you enjoy listening, you can subscribe to the audio version on Spotify , Apple Podcasts , and Audible so you don’t even have to look at the email 😊 Enjoy These Posts? Donate to support my research. Reading Time: 1 min 35 sec I hope the next 24’ish breaths are the most no"
"Beating Biases, a Simple Truth, and How to Engage in Meaningful Tasks","Mon, 16 May 2022 10:25:00 +0000",publish,/blog/biases-meaningful-tasks,Breathwork techniques and how-to,"🎧 Listen Instead of Reading 🎧 If you enjoy listening, you can subscribe to the audio version on Spotify , Apple Podcasts , and Audible so you don’t even have to look at the email 😊 Get this in your inbox every Monday at 6:30 a.m. Eastern. Email Address Sign Up We respect your privacy. Thank you! 4 T"
"My New Favorite Therapy, Self Love, and Your Breathing Headphones","Mon, 16 Jan 2023 11:28:00 +0000",publish,/blog/bibliotherapy-love-relax,Breathwork techniques and how-to,"Listen Instead of Reading If you enjoy listening, you can subscribe to the audio version on Spotify , Apple Podcasts , and Audible so you don’t even have to look at the email 😊 Get this in your inbox every Monday at 6:30 a.m. Eastern. Email Address Sign Up We respect your privacy. Thank you! 4 Thoug"
Oxygen and The Most Effective Antioxidant,"Mon, 15 Mar 2021 10:30:00 +0000",publish,/blog/biggest-antioxidant,Breathwork techniques and how-to,"Most of my friends make fun of my bedtime (7:45 or 8:00 p.m.). In thought #4, you’ll learn how I’m trying to change that, at least until November… With that said, here are 4 thoughts, 1 quote, and 1 answer for the week. Enjoy! 4 THOUGHTS 1. Grow and Multiply Your Breathing Practice "" When it comes t"
"Blue Mindfulness, Worry &amp; Hurry, and a Natural Way to the Heart","Mon, 24 Jun 2024 10:28:00 +0000",publish,/blog/blue-mindfulness-worry-hurry-a-natural-way-to-the-heart,Contemplative practice and mindfulness,"Listen Instead of Reading If you enjoy listening, you can subscribe to the audio version on Spotify , Apple Podcasts , and Audible so you don’t even have to look at the email 😊 Enjoy These Posts? Donate to support this newsletter & podcast. Reading Time: 1 min 49 sec I hope the next 27’ish breaths a"
"Box Breathing for Stress, and the Ancients’ Code to Becoming a Hero","Mon, 23 Aug 2021 10:25:00 +0000",publish,/blog/box-breathing-heroes,Breathwork techniques and how-to,"Listen Instead of Reading This week, you'll learn that breathing is only part of the solution, along with the ancient (and quite unexpected) secret to becoming a hero. Enjoy! 4 Thoughts 1. Breathing as the XX% Solution “ Consider what life would be like if we gave up the idea of healthy or sick, zer"
"Brain Blood Flow, Humming Bee Breathing, and an Unhurried Life","Mon, 12 May 2025 10:28:00 +0000",publish,/blog/brain-blood-flow-humming-bee-breathing-and-an-unhurried-life,Breathwork techniques and how-to,"Reading Time: 1 min 58 sec I hope the next 24’ish breaths are the most nourishing of your day. 4 THOUGHTS 1. Breathing 101: How Breathing Affects Brain Blood Flow 1. CO₂ crosses the blood-brain barrier and reacts with water in the CSF to form H⁺ and bicarbonate. 2. The increased H⁺ lowers pH which, "
"Brain &amp; Mind, Simplicity, and How to Improve Everyone’s Wellness","Mon, 24 Nov 2025 11:28:00 +0000",publish,/blog/brain-mind-simplicity-how-to-improve-everyones-wellness,Breathwork techniques and how-to,"Reading Time: 1 min 50 sec I hope the next 22-ish breaths are the most nourishing of your day. 4 THOUGHTS 1. How to Synchronize Breath, Brain, and Mind “The synchronization between respiration and slow neural activity is likely key to understanding the brain-physiology relationship…Slow rhythms thus"
"Brain Syncing Study, Mind Rhythms, and Being Inspired by Spirit","Mon, 09 Jun 2025 10:28:00 +0000",publish,/blog/brain-syncing-study-mind-rhythms-and-being-inspired-by-spirit,Science 411 study breakdowns,"Reading Time: 1 min 56 sec I hope the next 23’ish breaths are the most nourishing of your day. 4 THOUGHTS 1. Slow Breathing Syncs Respiration, Brain, and Heart “Here, we show for the first time, that decelerated breathing at a rate of 6 cycles/minute has a strong influence on the slow cortical poten"
A Breakthrough in Respiratory Physiology,"Mon, 28 Dec 2020 11:30:00 +0000",publish,/blog/breakthrough-physiology,Breathwork techniques and how-to,"Happy End of the Year, Thank you for sharing part of your Mondays with me during 2020. Here are 4 more thoughts, 1 quote, and 1 answer to reflect on as we wrap up the year. Enjoy! 4 THOUGHTS 1. A Breakthrough in Respiratory Physiology "" We noted that the inhalation of NO led to a significant increas"
"Breath and Wine, Simplest Movement, and 4 Reminders on Connection","Mon, 26 Aug 2024 10:28:00 +0000",publish,/blog/breath-and-wine-simplest-movement-4-reminders-on-connection,Breathwork techniques and how-to,"Announcement I am excited to be giving a 1-hr virtual workshop tomorrow, August 27th, at 5:30 p.m. Eastern for the nonprofit BeWell in School. It’s donation-based, and all proceeds go to support their mission. They are truly and incredible organization, and I am honored whenever I get to support the"
"Breath &amp; Anxiety, One Person, and How to Ease Your Troubles","Mon, 08 Jul 2024 10:28:00 +0000",publish,/blog/breath-anxiety-one-person-how-to-ease-your-troubles,Breathwork techniques and how-to,"Listen Instead of Reading If you enjoy listening, you can subscribe to the audio version on Spotify , Apple Podcasts , and Audible so you don’t even have to look at the email 😊 Enjoy These Posts? Donate to support this newsletter & podcast. Reading Time: 1 min 31 sec I hope the next 23’ish breaths a"
"18 ""Inspiring"" Quotes on Breath as Life &amp; Spirit","Mon, 20 Dec 2021 11:25:00 +0000",publish,/blog/breath-as-life-spirit,Breathwork techniques and how-to,"Here are 18 interesting quotes referring to the breath as life or spirit. It’s by no means comprehensive—just some that have stuck out to me over the years. Enjoy! 1. “Man was created of the Earth, and lives by virtue of the air; for there is in the air a secret food of life…whose invisible congeale"
"Breath-Body-Brain, Easily Plant Trees, and the Heroic Heart","Mon, 02 Jun 2025 10:28:00 +0000",publish,/blog/breath-body-brain-easily-plant-trees-and-the-heroic-heart,Breathwork techniques and how-to,"Reading Time: 2 min 11 sec I hope the next 26’ish breaths are the most nourishing of your day. 4 THOUGHTS 1. Breathing 201: The Breath-Body-Brain Link The motions involved in breathing physically move your entire body. (Fun aside, this is why fMRI scans need to remove breathing “noise,” and part of "
"Breath-Body-Brain, Easily Plant Trees, and the Heroic Heart (Copy)","Mon, 02 Jun 2025 10:28:00 +0000",draft,/blog/breath-body-brain-easily-plant-trees-and-the-heroic-heart-je9hf,Breathwork techniques and how-to,"Reading Time: 2 min 11 sec I hope the next 26’ish breaths are the most nourishing of your day. 4 THOUGHTS 1. Breathing 201: The Breath-Body-Brain Link The motions involved in breathing physically move your entire body. (Fun aside, this is why fMRI scans need to remove breathing “noise,” and part of "
"Why Breath Control Matters, -148°F, and Engaging Fully in Life","Mon, 06 Mar 2023 11:28:00 +0000",publish,/blog/breath-control-airways-engaging-fully,Breathwork techniques and how-to,"Listen Instead of Reading If you enjoy listening, you can subscribe to the audio version on Spotify , Apple Podcasts , and Audible so you don’t even have to look at the email 😊 Get this in your inbox every Monday at 6:30 a.m. Eastern. Email Address Sign Up We respect your privacy. Thank you! 4 THOUG"
"Breath Curious, a Moving Museum, and the Necessary Path","Mon, 16 Dec 2024 11:28:00 +0000",publish,/blog/breath-curious-a-moving-museum-the-necessary-path,Breathwork techniques and how-to,"Sorry, No Audio This Week Sorry, I was traveling last week and couldn’t record audio. On the plus side, Thought #3 and the humor in the P.S. link were inspired by this travel 😊. Will be back with audio next week. If you enjoy listening, you can subscribe to the audio version on Spotify , Apple Podca"
"Elevated Mood, Tremendous Breath Energy, and How to Move a Ship","Mon, 22 Aug 2022 10:24:00 +0000",publish,/blog/breath-energy-unseen-wind,Breathwork techniques and how-to,"Listen Instead of Reading If you enjoy listening, you can subscribe to the audio version on Spotify , Apple Podcasts , and Audible so you don’t even have to look at the email 😊 Get this in your inbox every Monday at 6:30 a.m. Eastern. Email Address Sign Up We respect your privacy. Thank you! 4 Thoug"
"Heart and Breath, plus the Best Breathing (and life) Advice I’ve Read","Mon, 14 Feb 2022 11:25:00 +0000",publish,/blog/breath-heart-advice,Breathwork techniques and how-to,"🎧 Listen Instead of Reading 🎧 If you enjoy listening, you can subscribe to the audio version on Spotify , Apple Podcasts , and Audible so you don’t even have to look at the email 😊 Get this in your inbox every Monday at 6:30 a.m. Eastern. Email Address Sign Up We respect your privacy. Thank you! 4 T"
"Breath is Heart, How it Should Be, and the Breathing Benefits of Water","Mon, 03 Oct 2022 10:24:00 +0000",publish,/blog/breath-heart-art-science,Breathwork techniques and how-to,"Listen Instead of Reading If you enjoy listening, you can subscribe to the audio version on Spotify , Apple Podcasts , and Audible so you don’t even have to look at the email 😊 Get this in your inbox every Monday at 6:30 a.m. Eastern. Email Address Sign Up We respect your privacy. Thank you! 4 Thoug"
Breath &amp; Heart: 14 Loving Quotes on the Heart-Breath Connection,"Mon, 14 Feb 2022 11:23:00 +0000",publish,/blog/breath-heart-quotes,Breathwork techniques and how-to,"1. “Happiness lies in your own heart. You only need to practice mindful breathing for a few seconds, and you'll be happy right away.” - Thich Nhat Hanh 2. “You know that our breathing is the inhaling and exhaling of air. The organ which serves for this is the lungs which lie round the heart. Thus br"
Breath is Mind: 25 Thoughtful Quotes on the Breath-Mind Connection,"Mon, 07 Feb 2022 11:20:00 +0000",publish,/blog/breath-is-mind-quotes,Breathwork techniques and how-to,"1. “When you practice mindfulness of breathing, then the breathing is mind.” - Thich Nhat Hanh 2. “I am as conﬁdent as I am of anything that, in myself, the stream of thinking…is only a careless name for what, when scrutinized, reveals itself to consist chieﬂy of the stream of my breathing.” - Willi"
"Breath Learning, More Joy, and How to Change Our Reality","Mon, 19 Jun 2023 10:28:00 +0000",publish,/blog/breath-learning-more-joy-how-to-change-our-reality,Breathwork techniques and how-to,"Listen Instead of Reading If you enjoy listening, you can subscribe to the audio version on Spotify , Apple Podcasts , and Audible so you don’t even have to look at the email 😊 4 THOUGHTS 1. Introducing… www.breathlearning.com Now open. Check it out. 2. Seeing More Joy Doing a deliberate slow nasal "
"Breath is Medicine, Slow Breathing in 223 Studies, and ""Yes, This Is It""","Mon, 18 Jul 2022 10:25:00 +0000",publish,/blog/breath-medicine-meta-analysis,Breathwork techniques and how-to,"Listen Instead of Reading If you enjoy listening, you can subscribe to the audio version on Spotify , Apple Podcasts , and Audible so you don’t even have to look at the email 😊 Get this in your inbox every Monday at 6:30 a.m. Eastern. Email Address Sign Up We respect your privacy. Thank you! 4 Thoug"
"25 Thoughtful Quotes on Breath &amp; Mind, and How to Make Meditation Fun","Mon, 07 Feb 2022 11:25:00 +0000",publish,/blog/breath-mind-residue,Breathwork techniques and how-to,"🎧 Listen Instead of Reading 🎧 If you enjoy listening, you can subscribe to the audio version on Spotify , Apple Podcasts , and Audible so you don’t even have to look at the email 😊 Get this in your inbox every Monday at 6:30 a.m. Eastern. Email Address Sign Up We respect your privacy. Thank you! 4 T"
"Breath as Spirit, Body and Mind, and 2 Opposing Views on Overbreathing","Mon, 20 Dec 2021 11:24:00 +0000",publish,/blog/breath-spirit-overbreathing,Breathwork techniques and how-to,"🎧 Listen Instead of Reading 🎧 If you enjoy listening, you can now subscribe to the audio version on Spotify , Apple Podcasts , and Audible so you don’t even have to look at the email 😊 4 Thoughts 1. 18 “Inspiring” Quotes on Breath as Spirit and Life “ Man was created of the Earth, and lives by virtu"
Breath Walking with Gandhi,"Mon, 01 Mar 2021 11:30:00 +0000",publish,/blog/breath-walking-gandhi,Breathwork techniques and how-to,"Today marks one year since I walked 100 miles for breathing and chronic disease. In that spirit, this week’s newsletter celebrates breathing and walking. Enjoy! 4 THOUGHTS 1. An Update on ""Walking 100 Miles: How Chronic Disease Makes Us Stronger"" Here is a re-share of the blog I wrote a few months a"
"Breathing 101, Feel-Good Hormones, and A Book I Really Loved","Mon, 28 Apr 2025 10:28:00 +0000",publish,/blog/breathing-101-feel-good-hormones-and-a-book-i-really-loved,Breathwork techniques and how-to,"Reading Time: 1 min 54 sec I hope the next 23’ish breaths are the most nourishing of your day. 4 THOUGHTS 1. Breathing 101: The Neuroendocrine Link 1. Slow breathing activates the calming branch of the nervous system, sending signals of safety to the brain. 2. In response, the brain dampens the horm"
"Breathing 201, A Better Form of Meditation, and What Wisdom Actually Is","Mon, 26 May 2025 10:28:00 +0000",publish,/blog/breathing-201-a-better-form-of-meditation-and-what-wisdom-actually-is,Breathwork techniques and how-to,"Reading Time: 2 min 6 sec I hope the next 25’ish breaths are the most nourishing of your day. 4 THOUGHTS 1. Breathing 201: The Nose-Brain Link Nasal airflow stimulates the olfactory bulb, which is not only associated with smell but also regulates brain rhythms. The olfactory bulb can directly commun"
"A Breathing 4-Minute Mile, plus Inhaled Nitric Oxide","Mon, 14 Dec 2020 11:30:00 +0000",publish,/blog/breathing-4-min-mile,Breathwork techniques and how-to,"TGIM. Here are 4 thoughts, 1 quote, and 1 answer for this week. Enjoy! 4 THOUGHTS 1. The Breathing 4-Minute Mile The Wim Hof endotoxin study is breathing’s equivalent to a "" 4-minute mile. "" People have been using breathing to modulate their autonomic nervous and immune systems for thousands of year"
The Breathing 411 - Before There Were Harvard Studies,"Mon, 21 Sep 2020 10:30:00 +0000",publish,/blog/breathing-action,Breathwork techniques and how-to,"Welcome to another edition of The Breathing 4.1.1. Below, I do my best to provide you with 4 useful thoughts, 1 insightful quote, and 1 fun answer (like "" Jeopardy "") related to breathing. Enjoy! 4 THOUGHTS 1. Breathing is the Ultimate Self-Improvement Tool "" Never has there been a map, however care"
A Buffet of 13 Interesting Breathing Articles,"Mon, 26 Apr 2021 10:30:00 +0000",publish,/blog/breathing-buffet,Breathwork techniques and how-to,"I’ve been out of town, with less time than normal to work on the newsletter. So, I decided to share a buffet of interesting breathing articles this week. I hope there are a few you enjoy! 4 Thoughts 1. Study Shows How Slow Breathing Induces Tranquility “ Breathe slowly and smoothly. A pervasive sens"
"Breathing Gives Us What Babies Want, 0.1 Hz, and The Miracle of the Nose","Mon, 17 May 2021 10:25:00 +0000",publish,/blog/breathing-gives-us-control,Breathwork techniques and how-to,"Listen to this post: Hey, Here’s your weekly dose of breathing and diabetes fun. Plus, a letter I wrote 10 years ago… I hope you enjoy reading! 4 Thoughts 1. Breathing Gives Us What Babies Want In the Paradox of Choice , Barry Schwartz discusses a fascinating study: Group 1: Infants were able to con"
Breathing Graffiti on Famous Quotes,"Mon, 22 Mar 2021 10:43:47 +0000",draft,/blog/breathing-graffiti,Breathwork techniques and how-to,"When I wake up low at night, I sometimes try to use slow breathing to fall back asleep. Other times, I just embrace that I won’t be able to sleep for a while due to the strong sympathetic response associated with low blood sugar. In those cases, I just let my mind wander and laugh at all the silly t"
"Breathing Graffiti on 28 Famous Quotes, Sayings, and Idioms","Sun, 06 Jun 2021 11:36:31 +0000",publish,/blog/breathing-graffiti-quotes,Breathwork techniques and how-to,"When I wake up low at night, I sometimes use breathing to help me fall back asleep (after eating glucose, of course). Other times, I accept that I won’t be sleeping for a while, and I just let my mind wander and laugh at my thoughts. This thought came on one such night, Thursday, March 11th, to be s"
"Breathing Guidelines, Free Sci 411, and How to Make Tomorrow Good","Mon, 03 Jun 2024 10:28:00 +0000",publish,/blog/breathing-guidelines-free-sci-411-how-to-make-tomorrow-good,Breathwork techniques and how-to,"Listen Instead of Reading If you enjoy listening, you can subscribe to the audio version on Spotify , Apple Podcasts , and Audible so you don’t even have to look at the email 😊 Enjoy These Posts? Donate to support my research. Reading Time: 1 min 31 sec I hope the next 23’ish breaths are the most no"
"Breathing Heals, Memory, and 4 Thoughts on Gratitude and Love","Mon, 22 Apr 2024 10:28:00 +0000",publish,/blog/breathing-heals-memory-4-thoughts-on-gratitude-love,Breathwork techniques and how-to,"Listen Instead of Reading If you enjoy listening, you can subscribe to the audio version on Spotify , Apple Podcasts , and Audible so you don’t even have to look at the email 😊 Enjoy These Posts? Donate to support my research. Reading Time: 1 min 31 sec I hope the next 23’ish breaths are the most no"
"Slow Breathing Really Does Help Everything, According to a 2020 Study","Mon, 10 May 2021 10:25:00 +0000",publish,/blog/breathing-helps-everything,Breathwork techniques and how-to,"Listen to this post: Hey, It’s a fun post this week. Lots of good info, plus one of the best real-life breathing videos you’ll ever see. I hope you enjoy it! 4 Thoughts 1. Slow Breathing Really Does Help Everything, According to a 2020 Study “ The results of this review provide evidence that HRVB an"
Breathing’s Indirect and Unseen Benefits,"Mon, 15 Feb 2021 11:30:00 +0000",publish,/blog/breathing-indirect-benefits,Breathwork techniques and how-to,"Welcome to another edition of The Breathing 411 : Here are 4 thoughts, 1 quote, and 1 answer for you to consider this week. Enjoy! 4 THOUGHTS 1. The Science of Breathing’s Indirect Benefits Last week we learned that breathing is the only true compounding health habit . However, I believe the real ma"
"Breathing Know-How, and Why Trampolines Are Better than Science","Mon, 31 May 2021 10:25:00 +0000",publish,/blog/breathing-know-how,Breathwork techniques and how-to,"Listen to this post: Happy Monday, Here are 4 thoughts, 1 quote, and 1 answer for this week. Enjoy! 4 Thoughts 1. The Ultimate Goal of Breathing Education is Breathing Know-How “ Knowledge is not know-how until you understand the underlying principles at work and can fit them together into a structu"
"How To Breathe To Live Longer, plus a New Take on ""Breathe Light""","Mon, 26 Jul 2021 10:25:00 +0000",publish,/blog/breathing-longevity,Breathwork techniques and how-to,"Listen Instead of Reading Greetings, Here are four thoughts, one quote, and one answer for this week. I hope you enjoy! 4 Thoughts 1. How To Breathe To Live Longer Let’s synthesize some ideas on breathing for longevity and see how we can apply this knowledge in our own life today. Part I: Breathe Th"
How Breathing Makes Everything Possible,"Mon, 29 Mar 2021 10:30:00 +0000",publish,/blog/breathing-possible,Breathwork techniques and how-to,"Listen to this post in 5 minutes: Greetings, Here are four thoughts, one quote, and one answer for this week. Enjoy! 4 Thoughts 1. Breathing Makes Everything Possible “ That oxygen, life, and lungs all came into our world in relatively close succession is no coincidence. Only with oxygen and some me"
"5 Favorite Breathing Products, 4 Favorite Newsletters, and the Here and Now","Mon, 10 Apr 2023 10:28:00 +0000",publish,/blog/breathing-products-newsletters-presence,Breathwork techniques and how-to,"Listen Instead of Reading If you enjoy listening, you can subscribe to the audio version on Spotify , Apple Podcasts , and Audible so you don’t even have to look at the email 😊 Get this in your inbox every Monday at 6:30 a.m. Eastern. Email Address Sign Up We respect your privacy. Thank you! 4 THOUG"
"Learn Better, 4 Gifts, and How Breathing Can Actually Change the World","Mon, 11 Apr 2022 10:25:00 +0000",publish,/blog/breathing-to-change-world,Breathwork techniques and how-to,"Today is a special edition of The Breathing 411. Because today is 4/11. It’s also World Breathing Day. And it also happens to be my 35th birthday (to celebrate, I did one breath per minute for 35 minutes this morning <— maybe I’ll make it a new tradition 🙏). To honor the occasion, there are 4 Free G"
"Breathwalking, Coffee Beans, and the Positive Impact of Celebration","Mon, 11 Aug 2025 10:28:00 +0000",publish,/blog/breathwalking-coffee-beans-and-the-positive-impact-of-celebration,Breathwork techniques and how-to,"Reading Time: 2 min 18 sec I hope the next 28’ish breaths are the most nourishing of your day. 4 THOUGHTS 1. Why Breathing Gets Top Priority in the Brain “If there is anything amiss with our breathing, the brain needs to know quickly to take action immediately. For instance, if the airway is obstruc"
"A Danger of Breathwalking, and How I Almost Stepped on It","Mon, 05 Apr 2021 10:25:00 +0000",publish,/blog/breathwalking-danger,Breathwork techniques and how-to,"Listen to this post in 6 min 28 sec: Welcome to another issue of The Breathing 411, Here are four thoughts, one quote, and one answer to consider this week. There’s also a fun bonus thought on the “ Dangers of Breathwalking .” I hope you enjoy it! 4 Thoughts 1. The Lungs Lead, Heart and Mind Follow "
"How Bruce Lee Sees Methods, Full Lotus, and the Beauty of Red Blood Cells","Mon, 30 Aug 2021 10:25:00 +0000",publish,/blog/bruce-lee-mixed-artists,Breathwork techniques and how-to,"Listen Instead of Reading This week, you'll learn how to become a mixed breathing artist, learn a decade-old idea still relevant today, and take a look into Wim Hof’s mirror. Enjoy! 4 Thoughts 1. On Bruce Lee, “Methods,” and Becoming Mixed Breathing Artists “ The individual is of first importance, n"
"Build-a-Breath, How to Work with Emotions, and Carrying Great Power","Mon, 13 Mar 2023 10:28:00 +0000",publish,/blog/build-a-breath-great-power-mouth-tape,Breathwork techniques and how-to,"Listen Instead of Reading If you enjoy listening, you can subscribe to the audio version on Spotify , Apple Podcasts , and Audible so you don’t even have to look at the email 😊 Get this in your inbox every Monday at 6:30 a.m. Eastern. Email Address Sign Up We respect your privacy. Thank you! 4 THOUG"
"Catch &amp; Shoot, 20 or 50 Years, and Slow Breathing Doesn’t Work Now","Mon, 08 Jan 2024 11:28:00 +0000",publish,/blog/catch-shoot-20-50-years-slow-breathing-doesnt-work,Breathwork techniques and how-to,"Listen Instead of Reading If you enjoy listening, you can subscribe to the audio version on Spotify , Apple Podcasts , and Audible so you don’t even have to look at the email 😊 Enjoy My Work? Donate to keep me breathing. Reading Time: 1 min 49 sec I hope the next 27’ish breaths are the most nourishi"
"Cheap Medicine, New Breath Book, and Becoming Students of Life","Mon, 29 Jan 2024 11:28:00 +0000",publish,/blog/cheapest-medicine-a-new-breath-book-students-of-life,Breathwork techniques and how-to,"Listen Instead of Reading If you enjoy listening, you can subscribe to the audio version on Spotify , Apple Podcasts , and Audible so you don’t even have to look at the email 😊 Enjoy My Work? Donate to keep me breathing. Reading Time: 1 min 38 sec I hope the next 24’ish breaths are the most nourishi"
"""Promising Prospects in Chronic Diseases,"" plus My Top 3 Books of 2021","Mon, 27 Dec 2021 11:25:00 +0000",publish,/blog/chronic-disease-books,Breathwork techniques and how-to,"🎧 Listen Instead of Reading 🎧 If you enjoy listening, you can subscribe to the audio version on Spotify , Apple Podcasts , and Audible so you don’t even have to look at the email 😊 4 Thoughts 1. A First Goal of Pranayama is This “ Hence, through pranayama, one attempts to do away with the effort of "
"Clouds, Humming Under Water, and Two Practices for Today","Mon, 12 Feb 2024 11:28:00 +0000",publish,/blog/clouds-humming-under-water-two-practices-for-today,Breathwork techniques and how-to,"Listen Instead of Reading If you enjoy listening, you can subscribe to the audio version on Spotify , Apple Podcasts , and Audible so you don’t even have to look at the email 😊 Enjoy These Posts? Donate to support my research. Reading Time: 2 min 1 sec I hope the next 30’ish breaths are the most nou"
"CO2 &amp; Breath Regulation, a Fulfilling Life, and a Great Book on Movement","Mon, 05 May 2025 10:28:00 +0000",publish,/blog/co2-breath-regulation-a-fulfilling-life-and-a-great-book-on-movement,Breathwork techniques and how-to,Reading Time: 2 min 11 sec I hope the next 26’ish breaths are the most nourishing of your day. 4 THOUGHTS 1. Breathing 101: The Role of CO2 in Breath Regulation 1. CO₂ crosses the blood-brain barrier and reacts with water in the cerebral spinal fluid (CSF) to form hydrogen ions (H⁺) and bicarbonate.
"Common Breath Currency, 3 of the Best, and an Overlooked Exercise","Mon, 09 Dec 2024 11:28:00 +0000",publish,/blog/common-breath-currency-3-of-the-best-overlooked-exercise,Breathwork techniques and how-to,"Listen Instead of Reading If you enjoy listening, you can subscribe to the audio version on Spotify , Apple Podcasts , and Audible so you don’t even have to look at the email 😊 Enjoy These Posts? Donate to support this newsletter & podcast. Reading Time: 1 min 48 sec I hope the next 22’ish breaths a"
"How Breathing Compounds, 2000+ Years, and a Remarkable Fact of Existence","Mon, 27 Sep 2021 10:25:00 +0000",publish,/blog/complex-compounding,Breathwork techniques and how-to,"Listen Instead of Reading A Breathing Gift This Week Have you read the Holstee Manifesto? It’s amazing. This is my adaptation, The Breathing Manifesto . (I literally just copied their format. I’m not that creative, lol). Print it, hang it, and enjoy it! Alright, on to this week’s 411… 4 Thoughts 1. "
"Diverse Tactics (part 2), Less Relaxation, and How to Feel Confident","Mon, 02 May 2022 10:25:00 +0000",publish,/blog/confidence-self-regulation,Breathwork techniques and how-to,"🎧 Listen Instead of Reading 🎧 If you enjoy listening, you can subscribe to the audio version on Spotify , Apple Podcasts , and Audible so you don’t even have to look at the email 😊 Get this in your inbox every Monday at 6:30 a.m. Eastern. Email Address Sign Up We respect your privacy. Thank you! 4 T"
"Connection, a Wordless Mantra, and 4 Thoughts on Nose Breathing","Mon, 29 Apr 2024 10:28:00 +0000",publish,/blog/connection-wordless-mantra-4-thoughts-nose-breathing,Breathwork techniques and how-to,"Listen Instead of Reading If you enjoy listening, you can subscribe to the audio version on Spotify , Apple Podcasts , and Audible so you don’t even have to look at the email 😊 Enjoy These Posts? Donate to support my research. Reading Time: 1 min 48 sec I hope the next 27’ish breaths are the most no"
"Conscious Breathing for Body &amp; Mind, Truth, and How to Save Your Own Life","Mon, 14 Jul 2025 10:28:00 +0000",publish,/blog/conscious-breathing-for-body-mind-truth-and-how-to-save-your-own-life,Breathwork techniques and how-to,"Reading Time: 1 min 54 sec I hope the next 23’ish breaths are the most nourishing of your day. 4 THOUGHTS 1. You Can’t Do This and Still Be Upset “But when you are in control of your emotional state, your breaths are regular. They are in through your nose: slower, softer, and quiet. You can’t be in "
"How Breathing Boosts Creativity, Why We Sigh, and Where Rumi’s Soul Lives","Mon, 04 Oct 2021 10:25:00 +0000",publish,/blog/creativity-rumi,Breathwork techniques and how-to,"Listen Instead of Reading Welcome back to another 411. Let’s jump straight in… 4 Thoughts 1. Breathing to Boost Creativity: Quieting the Amygdala, Pessimism, and 80% “Unfortunately, to keep us safe, the amygdala is strongly biased toward negative information. …This crushes optimism and squelches cre"
"Cry More, Full Victory, and Three Gift Ideas for Breathers","Mon, 04 Dec 2023 11:28:00 +0000",publish,/blog/cry-more-full-victory-three-gift-ideas-for-breathers,Breathwork techniques and how-to,"Listen Instead of Reading If you enjoy listening, you can subscribe to the audio version on Spotify , Apple Podcasts , and Audible so you don’t even have to look at the email 😊 Reading Time: 2 min 4 sec I hope the next 31’ish breaths are the most nourishing of your day. 4 THOUGHTS 1. Full Effort is "
"Delightful Practice, Reverse Arambhashura, and The Buddha’s Take on Science","Mon, 02 Aug 2021 10:25:00 +0000",publish,/blog/delightful-practice,Breathwork techniques and how-to,"Listen Instead of Reading Hello, Here are four thoughts, one quote, and one answer for this week. I hope you enjoy it! 4 Thoughts 1. What Science Has in Common with The Buddha “ Research in general tells us something about most people. Given that our concern is for what we, rather than what most peo"
Why 6 Breaths/Minute Improves Heart Health &amp; Quality of Life in Diabetes,"Fri, 17 Jun 2022 20:15:43 +0000",publish,/blog/diabetes-slow-breathing-6bpm,Breathwork techniques and how-to,"Slow breathing is a highly effective yet overlooked therapy for diabetes. It profoundly changed my life with diabetes , leading me to spend the past 5 years trying to understand it and share it with others. I’ve found that it’s not going to fix everything (of course). It may not even impact your blo"
"Dissolve Your Problems, Slow Breathing’s Healing, &amp; the Joy of Meditation","Mon, 09 Feb 2026 11:28:00 +0000",publish,/blog/dissolve-your-problems-slow-breathings-healing-the-joy-of-meditation,Breathwork techniques and how-to,Reading Time: 1 min 44 sec I hope the next 21-ish breaths are the most nourishing of your day. 4 THOUGHTS 1. How Much Time Should You Spend Practicing? “I think the amount of time that you spend on this work is not that important…what is important here is the regularity of doing this work. You want 
DRAFT - No TAGS,"Sun, 06 Sep 2020 09:34:42 +0000",draft,/blog/draft,Focus and performance,"Hello and Happy Monday. Welcome to another edition of The Breathing 4.1.1. 4 THOUGHTS 1. What do 5,649 and 28,800 Have in Common? 2. The Most Fundamental of the Fundamentals 3. Bring Attention & Intention to Your Breathing 4. Slow Breathing for Hypertension 1 QUOTE ""To know that even one life has br"
Become A World-Class Breather,"Mon, 01 Feb 2021 11:30:00 +0000",publish,/blog/draft-sraza,Breathwork techniques and how-to,"Greetings, Here are four thoughts, one quote, and one answer to start off February. Enjoy! 4 THOUGHTS 1. Become a World-Class Breather "" World-class performers are less about complexity and more about optimizing simplicity…It’s about the fundamentals. But small, daily improvements on the fundamental"
"Breathing For Better Health, Easy Fixes, and How to Breathe with Stardust","Mon, 09 Aug 2021 10:25:00 +0000",publish,/blog/easy-fixes-stardust,Breathwork techniques and how-to,"Listen Instead of Reading Hey, Welcome back to another issue of The Breathing 411. Here are 4 thoughts, 1 quote, and 1 answer for this week. I hope you enjoy it! 4 Thoughts 1. Posture is Easier with the Breath “ Question: Do I start with breathing correctly or addressing my posture? Answer: Breathin"
"Applied Elegance, a Gift of Breathing, and How to Practice Philosophy","Mon, 13 Jun 2022 10:24:00 +0000",publish,/blog/elegance-philosophy,Breathwork techniques and how-to,"Listen Instead of Reading If you enjoy listening, you can subscribe to the audio version on Spotify , Apple Podcasts , and Audible so you don’t even have to look at the email 😊 Get this in your inbox every Monday at 6:30 a.m. Eastern. Email Address Sign Up We respect your privacy. Thank you! 4 Thoug"
"Element of Choice, Less Effort, and Focus on Enjoyment for Better Results","Mon, 14 Aug 2023 10:28:00 +0000",publish,/blog/element-of-choice-less-effort-enjoyment-better-results,Focus and performance,"Listen Instead of Reading If you enjoy listening, you can subscribe to the audio version on Spotify , Apple Podcasts , and Audible so you don’t even have to look at the email 😊 4 THOUGHTS 1. Focus On Enjoyment (but only if you want better results) “Literally anything you can do to augment your enjoy"
"Eloquent Exhales, 3 Books, and Adding Sound for More Benefit","Mon, 12 Sep 2022 10:24:00 +0000",publish,/blog/eloquent-exhales-water-sounds,Breathwork techniques and how-to,"Listen Instead of Reading If you enjoy listening, you can subscribe to the audio version on Spotify , Apple Podcasts , and Audible so you don’t even have to look at the email 😊 Get this in your inbox every Monday at 6:30 a.m. Eastern. Email Address Sign Up We respect your privacy. Thank you! 4 Thoug"
"Emotional Balance, Why Mindfulness, and Moving Beyond a Calm Mind","Mon, 27 Mar 2023 10:28:00 +0000",publish,/blog/emotional-balance-mindfulness-calm,Anxiety and stress,"Listen Instead of Reading If you enjoy listening, you can subscribe to the audio version on Spotify , Apple Podcasts , and Audible so you don’t even have to look at the email 😊 Get this in your inbox every Monday at 6:30 a.m. Eastern. Email Address Sign Up We respect your privacy. Thank you! 4 THOUG"
"Breathing Through Negative Feedback Loops, and the WHM in 2.5 Minutes","Mon, 19 Apr 2021 10:25:00 +0000",publish,/blog/epiphenomena,Breathwork techniques and how-to,"Listen to this post: Welcome back to another issue of The Breathing 411. Here are 4 thoughts, 1 quote, and 1 answer for the week. Enjoy! 4 Thoughts 1. The Epiphenomena of Breathing “ However, a lightbulb also produces heat. Heat is not the function of the lightbulb, nor is it the reason we originall"
"Effective Non-Breathing Tool, Equanimity, and an 8 Breath Protocol","Mon, 07 Nov 2022 11:24:00 +0000",publish,/blog/equanimity-8-breaths,Breathwork techniques and how-to,"Listen Instead of Reading If you enjoy listening, you can subscribe to the audio version on Spotify , Apple Podcasts , and Audible so you don’t even have to look at the email 😊 Get this in your inbox every Monday at 6:30 a.m. Eastern. Email Address Sign Up We respect your privacy. Thank you! If You "
On Excellent Scientific Statements and Being Reasonable with Breathing,"Mon, 22 Feb 2021 23:30:00 +0000",publish,/blog/excellent-and-reasonable,Breathwork techniques and how-to,"Greetings, Here are 4 thoughts, 1 quote, and 1 answer related to breathing. Enjoy! 4 THOUGHTS 1. 18 Excellent Statements from Scientific Papers "" With breathing interventions being relatively rapid interventions to implement and also demonstrating a wide range of positive clinical outcomes, breathin"
"Exciting Announcement, All Systems Relax, and the 2nd Best Practice","Mon, 16 Mar 2026 10:28:00 +0000",publish,/blog/exciting-announcement-all-systems-relax-the-2nd-best-practice,Breathwork techniques and how-to,"Reading Time: 1 min 28 sec I hope the next 18-ish breaths are the most nourishing of your day. NEW: Watch the AI-Generated Explainer Video of This Blog (This is not the same as the Breath Science Channel explained in Thought #1) 4 THOUGHTS 1. Peer-Reviewed Breath Science, Explained Simply (new YouTu"
"Fast Breathing, Positive Emotions, and the 3 Stages of Wim Hof","Mon, 18 Oct 2021 10:25:00 +0000",publish,/blog/fast-haiku-wim,Breathwork techniques and how-to,"Listen Instead of Reading 4 Thoughts 1. Feedforward vs. Feedback: How to Breathe Yourself into Being Happier “ Therefore, it is widely accepted that emotions arise within the brain, which provides feedforward signaling … [But] The emotional and neurological changes that arise during pranayama and me"
"Feeling Better, Thoughts, and the Most Reliable Rhythm in Our Lives","Mon, 08 Sep 2025 10:28:00 +0000",publish,/blog/feeling-better-thoughts-and-the-most-reliable-rhythm-in-our-lives,Breathwork techniques and how-to,"Reading Time: 2 min 5 sec I hope the next 25’ish breaths are the most nourishing of your day. 4 THOUGHTS 1. Feeling Better, in Both Mind and Body “One of the essential techniques that I distill from this body of knowledge about pranayama is that the qualities of breath that you want to develop are t"
"Finding Answers Within, Tree Tops, and How to Breathe for Joy","Mon, 07 Aug 2023 10:28:00 +0000",publish,/blog/finding-answers-within-tree-tops-how-to-breathe-for-joy,Breathwork techniques and how-to,"Listen Instead of Reading If you enjoy listening, you can subscribe to the audio version on Spotify , Apple Podcasts , and Audible so you don’t even have to look at the email 😊 4 THOUGHTS 1. How to Breathe for Joy “To our knowledge, this is the first demonstration that the alteration of respiration "
"Five Minutes, How to Heal the Mind, and 15 versus 300","Mon, 10 Jun 2024 10:28:00 +0000",publish,/blog/five-minutes-how-to-heal-the-mind-15-versus-300,Breathwork techniques and how-to,"Listen Instead of Reading If you enjoy listening, you can subscribe to the audio version on Spotify , Apple Podcasts , and Audible so you don’t even have to look at the email 😊 Enjoy These Posts? Donate to support this newsletter & podcast. Reading Time: 1 min 29 sec I hope the next 22’ish breaths a"
"Flourishing, Four (more) Reminders, and Get More Brain Power","Mon, 19 Aug 2024 10:28:00 +0000",publish,/blog/flourishing-four-reminders-get-more-brain-power,Focus and performance,"Listen Instead of Reading If you enjoy listening, you can subscribe to the audio version on Spotify , Apple Podcasts , and Audible so you don’t even have to look at the email 😊 Enjoy These Posts? Donate to support this newsletter & podcast. Reading Time: 1 min 47 sec I hope the next 27’ish breaths a"
"5 Breaths for Focus, Better Sleep, and Your Own Finely Crafted Program","Mon, 15 Aug 2022 10:24:00 +0000",publish,/blog/focus-better-sleep,Sleep,"Listen Instead of Reading If you enjoy listening, you can subscribe to the audio version on Spotify , Apple Podcasts , and Audible so you don’t even have to look at the email 😊 Get this in your inbox every Monday at 6:30 a.m. Eastern. Email Address Sign Up We respect your privacy. Thank you! 4 Thoug"
"Purely for Joy, Physics, and How to Overcome Obstacles","Mon, 28 Oct 2024 10:28:00 +0000",publish,/blog/focus-on-joy-physics-how-to-overcome-obstacles,Breathwork techniques and how-to,"Listen Instead of Reading If you enjoy listening, you can subscribe to the audio version on Spotify , Apple Podcasts , and Audible so you don’t even have to look at the email 😊 Enjoy These Posts? Donate to support this newsletter & podcast. Reading Time: 1 min 46 sec I hope the next 22’ish breaths a"
"Four Reminders, Alternate Nostril, and Tapping into the Life Force","Mon, 12 Aug 2024 10:28:00 +0000",publish,/blog/four-reminders-alternate-nostril-tapping-into-life-force,Breathwork techniques and how-to,"Listen Instead of Reading If you enjoy listening, you can subscribe to the audio version on Spotify , Apple Podcasts , and Audible so you don’t even have to look at the email 😊 Enjoy These Posts? Donate to support this newsletter & podcast. Reading Time: 1 min 45 sec I hope the next 26’ish breaths a"
"Free 5-Day Course, Less Inflammation, and 3 Breath-Focused Quotes","Mon, 27 Jan 2025 11:28:00 +0000",publish,/blog/free-5-day-course-less-inflammation-3-breath-focused-quotes,Breathwork techniques and how-to,"Listen Instead of Reading If you enjoy listening, you can subscribe to the audio version on Spotify , Apple Podcasts , and Audible so you don’t even have to look at the email 😊 Audio Block Double-click here to upload or link to a .mp3. Learn more Enjoy These Posts? Donate to support this newsletter "
"Free 5-Star Resort, Transferring Passion, and Breathing in the Rain","Mon, 27 Nov 2023 11:28:00 +0000",publish,/blog/free-5-star-resort-transferring-passion-rainy-breath,Breathwork techniques and how-to,"Listen Instead of Reading If you enjoy listening, you can subscribe to the audio version on Spotify , Apple Podcasts , and Audible so you don’t even have to look at the email 😊 Reading Time: 1 min 37 sec I hope the next 25’ish breaths are the most nourishing of your day. 4 THOUGHTS 4 THOUGHTS 1. A R"
"Free OA App, 60 Seconds of Joy, and Breathing Improves Cognition","Mon, 20 Feb 2023 11:28:00 +0000",publish,/blog/free-app-60-seconds-joy-cognition,Breathwork techniques and how-to,"Listen Instead of Reading If you enjoy listening, you can subscribe to the audio version on Spotify , Apple Podcasts , and Audible so you don’t even have to look at the email 😊 Get this in your inbox every Monday at 6:30 a.m. Eastern. Email Address Sign Up We respect your privacy. Thank you! 4 Thoug"
"Free App, Better Aging, and How Meditation Affects the Breath","Mon, 08 Dec 2025 11:28:00 +0000",publish,/blog/free-app-better-aging-how-meditation-affects-the-breath,Breathwork techniques and how-to,"Reading Time: 1 min 47 sec I hope the next 21-ish breaths are the most nourishing of your day. 4 THOUGHTS 1. Free Breathing App for Diabetes “Slow breathing could be a simple beneficial intervention in diabetes.” - Bernardi et al. (2017), Nat. Sci. Rep. The Breathing App for Diabetes is free until J"
How Breathing Helps You Get and Stay Frustrated (and why it’s a good thing),"Mon, 11 Oct 2021 10:25:00 +0000",publish,/blog/frustrated-creativity,Breathwork techniques and how-to,"Listen Instead of Reading 4 Thoughts 1. Why You Need to be Frustrated, and How Breathing Can Help “ Long-haul creativity, Robinson believes, requires a low-level, near-constant sense of frustration. … It’s a constant, itchy dissatisfaction, a deep sense of what-if, and can-I-make-it-better, and the "
"Applying Gandhi's Wisdom, The Science of Learning, and $100 to Your Breath","Mon, 14 Jun 2021 10:25:00 +0000",publish,/blog/gandhi-and-learning-science,Breathwork techniques and how-to,"Listen Instead of Reading Hey, Welcome back to another issue of the The Breathing 411. Here are 4 thoughts, 1 quote, and 1 answer that I hope you enjoy this week! 4 Thoughts 1. Why Your Breathing Gains Get More Boring With Time “ Gaining the first $100 at the track feels much better than winning the"
"Glimmers over Triggers, More from Your Mind, and a Celebration of Life","Mon, 19 Jan 2026 11:28:00 +0000",publish,/blog/glimmers-over-triggers-more-from-your-mind-a-celebration-of-life,Anxiety and stress,Reading Time: 1 min 46 sec I hope the next 21-ish breaths are the most nourishing of your day. 4 THOUGHTS 1. Glimmers over Triggers “A glimmer is the opposite of a trigger; it’s any object or experience that creates a moment of unforced ease or joy. It works the same way as a negative trigger…but in
3 Breaths Changed David Goggins’ Life (+ a free gift),"Mon, 26 Dec 2022 11:28:00 +0000",publish,/blog/goggins-healing-power,Breathwork techniques and how-to,"Listen Instead of Reading If you enjoy listening, you can subscribe to the audio version on Spotify , Apple Podcasts , and Audible so you don’t even have to look at the email 😊 Get this in your inbox every Monday at 6:30 a.m. Eastern. Email Address Sign Up We respect your privacy. Thank you! 4 Thoug"
"Going Inward, a New Practice, and Remembering Oneself","Mon, 29 Jul 2024 10:28:00 +0000",publish,/blog/going-inward-a-new-practice-remembering-oneself,Breathwork techniques and how-to,"Listen Instead of Reading If you enjoy listening, you can subscribe to the audio version on Spotify , Apple Podcasts , and Audible so you don’t even have to look at the email 😊 Enjoy These Posts? Donate to support this newsletter & podcast. Reading Time: 1 min 48 sec I hope the next 27’ish breaths a"
"Good Stress, Self Love, and Breathing for Happiness and Wisdom","Mon, 27 Feb 2023 11:28:00 +0000",publish,/blog/good-stress-self-love-wisdom,Breathwork techniques and how-to,"Listen Instead of Reading If you enjoy listening, you can subscribe to the audio version on Spotify , Apple Podcasts , and Audible so you don’t even have to look at the email 😊 Get this in your inbox every Monday at 6:30 a.m. Eastern. Email Address Sign Up We respect your privacy. Thank you! 4 Thoug"
"Gratitude Brain Change, 2 Quotes, and You Can Bring Retreat to You","Mon, 12 Jun 2023 10:28:00 +0000",publish,/blog/gratitude-brain-change-2-quotes-bring-retreat-to-you,Focus and performance,"Listen Instead of Reading If you enjoy listening, you can subscribe to the audio version on Spotify , Apple Podcasts , and Audible so you don’t even have to look at the email 😊 4 THOUGHTS 1. The Passion Paradox I love breathing and lose sleep thinking about it. 2. Two Unconnected (but highly related"
"Great Books on Breathing, Mindfulness, and Better Living","Mon, 24 Feb 2025 11:28:00 +0000",publish,/blog/great-books-on-breathing-mindfulness-and-better-living,Breathwork techniques and how-to,"Today, we have a special 411 full of good books I’ve read in the past year or so. I hope you find a few you like! P.S. If you want to support my work, you can use the Amazon affiliate links below for any that you purchase. Thanks! Reading Time: 2 min 14 sec I hope the next 27’ish breaths are the mos"
"Grow the Good, Speech, and 2 Ways to Practice Slow Breathing","Mon, 10 Nov 2025 11:28:00 +0000",publish,/blog/grow-the-good-speech-2-ways-to-practice-slow-breathing,Breathwork techniques and how-to,"Reading Time: 1 min 46 sec I hope the next 21-ish breaths are the most nourishing of your day. 4 THOUGHTS 1. It’s About Pace, Not Speed “It is a gentle, slow practice…and pace (not speed) matters. There is no rushing, no urgency embedded into a step. It isn’t a task to ‘get over’ so I can move on to"
"Holotropic Breathing, a 6 bpm Prayer, and the Power of PNS","Mon, 28 Nov 2022 11:24:00 +0000",publish,/blog/hail-mary-holotropic,Breathwork techniques and how-to,"Listen Instead of Reading If you enjoy listening, you can subscribe to the audio version on Spotify , Apple Podcasts , and Audible so you don’t even have to look at the email 😊 Get this in your inbox every Monday at 6:30 a.m. Eastern. Email Address Sign Up We respect your privacy. Thank you! 4 Thoug"
"Head and Heart, Best Advice, and Why All Breathwork Works","Mon, 19 Sep 2022 10:24:00 +0000",publish,/blog/head-heart-best-advice,Breathwork techniques and how-to,"Listen Instead of Reading If you enjoy listening, you can subscribe to the audio version on Spotify , Apple Podcasts , and Audible so you don’t even have to look at the email 😊 Get this in your inbox every Monday at 6:30 a.m. Eastern. Email Address Sign Up We respect your privacy. Thank you! 4 Thoug"
"Healing Through Breathing, Breath and E-motions, and How to Go East","Mon, 21 Apr 2025 10:28:00 +0000",publish,/blog/healing-through-breathing-breath-and-e-motions-and-how-to-go-east,Breathwork techniques and how-to,"Reading Time: 1 min 46 sec I hope the next 21’ish breaths are the most nourishing of your day. 4 THOUGHTS 1. Breathing, and Energy in Motion “So what can help us when rational thought can’t? In our cerebrally oriented life, many of us have forgotten one critical piece: the role of our body to help o"
"Health &amp; Happiness, and How to Align with Your Life Force","Mon, 18 Dec 2023 11:28:00 +0000",publish,/blog/health-happiness-how-to-align-with-your-life-force,Breathwork techniques and how-to,"Listen Instead of Reading If you enjoy listening, you can subscribe to the audio version on Spotify , Apple Podcasts , and Audible so you don’t even have to look at the email 😊 Reading Time: 1 min 33 sec I hope the next 23’ish breaths are the most nourishing of your day. 4 THOUGHTS 1. You Will Recei"
"Heart &amp; Breath Harmony, Hidden Life, and Two Places to Put Your Breath","Mon, 20 Jun 2022 10:24:00 +0000",publish,/blog/heart-breath-hidden-life,Breathwork techniques and how-to,"Listen Instead of Reading If you enjoy listening, you can subscribe to the audio version on Spotify , Apple Podcasts , and Audible so you don’t even have to look at the email 😊 Get this in your inbox every Monday at 6:30 a.m. Eastern. Email Address Sign Up We respect your privacy. Thank you! 4 Thoug"
"Helping the Mind-Body System, Give Yourself a Break, &amp; Share What You Learn","Mon, 30 Jun 2025 10:28:00 +0000",publish,/blog/helping-the-mind-body-system-give-yourself-a-break-share-what-you-learn,Nervous system science,"Reading Time: 2 min 2 sec I hope the next 24’ish breaths are the most nourishing of your day. 4 THOUGHTS 1. Breathing as a First Line of Defense “We propose that the ANS [autonomic nervous system] is modulated by breathing so that in sympathetic dominant states like stress and anxiety, slow-deep bre"
"Heroes, the Healing Power of Breathing, and the Key to Living Longer","Mon, 30 Oct 2023 10:28:00 +0000",publish,/blog/heroes-the-healing-power-of-breathing-key-living-longer,Breathwork techniques and how-to,"Listen Instead of Reading If you enjoy listening, you can subscribe to the audio version on Spotify , Apple Podcasts , and Audible so you don’t even have to look at the email 😊 Reading Time: 1 min 46 sec I hope the next 27ish breaths are the most nourishing of your day. 4 THOUGHTS 1. A 2023 Review: "
"HIIB?, a Trick for Being Present, and Becoming More Joyous","Mon, 28 Aug 2023 10:28:00 +0000",publish,/blog/hiib-a-trick-for-present-becoming-more-joyous,Contemplative practice and mindfulness,"Listen Instead of Reading If you enjoy listening, you can subscribe to the audio version on Spotify , Apple Podcasts , and Audible so you don’t even have to look at the email 😊 4 THOUGHTS 1. High-Intensity Interval…Breathing? Here’s why we should add intensity of intention to mindful breathing: “[T]"
"How Breathing Heals, Life’s Storms, and the Power of Love","Mon, 25 Mar 2024 10:28:00 +0000",publish,/blog/how-breathing-heals-lifes-storms-power-of-love,Breathwork techniques and how-to,"Listen Instead of Reading If you enjoy listening, you can subscribe to the audio version on Spotify , Apple Podcasts , and Audible so you don’t even have to look at the email 😊 Enjoy These Posts? Donate to support my research. Reading Time: 1 min 38 sec I hope the next 25’ish breaths are the most no"
How Breathing Helps the Brain: CSF and Better Retention of Motor Skills,"Mon, 17 Mar 2025 10:28:00 +0000",publish,/blog/how-breathing-helps-the-brain-csf-and-better-retention-of-motor-skills,Breathwork techniques and how-to,"Reading Time: 1 min 54 sec I hope the next 23’ish breaths are the most nourishing of your day. 4 THOUGHTS 1. Increasing Cerebrospinal Fluid (CSF) Flow to the Brain “With rigorous testing, we demonstrated that the three yogic breathing patterns (slow, deep abdominal and deep diaphragmatic) immediatel"
"How Gratitude Works, Fast Breathing, and Coming Home in a Loving Way","Mon, 21 Aug 2023 10:28:00 +0000",publish,/blog/how-gratitude-works-fast-breathing-coming-home-loving-way,Breathwork techniques and how-to,"Listen Instead of Reading If you enjoy listening, you can subscribe to the audio version on Spotify , Apple Podcasts , and Audible so you don’t even have to look at the email 😊 4 THOUGHTS 1. Mindful Breath Awareness Improves Impulsivity and Brain Dynamics “In sum, we show that a relatively short per"
"How to Accomplish More, Gaining Control, and Doing Brooklyn Yoga","Mon, 16 Feb 2026 11:28:00 +0000",publish,/blog/how-to-accomplish-more-gaining-control-doing-brooklyn-yoga,Breathwork techniques and how-to,"Reading Time: 2 min 6 sec I hope the next 25-ish breaths are the most nourishing of your day. 4 THOUGHTS 1. How Conscious Breathing Helps Give Us Control in Challenging Situations “Conscious breathing can create enduring states of focus, presence, and mindful observation, so that life’s challenging "
"How to Concentrate Better, Meditation &amp; Brain, and This Is Never Selfish","Mon, 25 Aug 2025 10:28:00 +0000",publish,/blog/how-to-concentrate-better-meditation-brain-and-this-is-never-selfish,Focus and performance,"Reading Time: 1 min 57 sec I hope the next 23’ish breaths are the most nourishing of your day. 4 THOUGHTS 1. How to Concentrate Better “I realized then that to recover from our loss of attention, it is not enough to strip out our distractions. That will just create a void. We need to strip out our d"
"How to Deal with Emotions, #1 Thing to Avoid, and Good Intoxication","Mon, 03 Nov 2025 11:28:00 +0000",publish,/blog/how-to-deal-with-emotions-1-thing-to-avoid-and-good-intoxication,Breathwork techniques and how-to,"Reading Time: 1 min 40 sec I hope the next 20-ish breaths are the most nourishing of your day. 4 THOUGHTS 1. How to Deal With a Surge of Emotions “The next time you feel a surge of strong emotion, try using your breath to calm and soothe your mind and body. Take a few slow, deep breaths. Feel the ai"
"How to Dissolve Problems, Breathing for Anxiety, and As I Breathe, I Hope","Mon, 23 Jun 2025 10:28:00 +0000",publish,/blog/how-to-dissolve-problems-breathing-for-anxiety-and-as-i-breathe-i-hope,Breathwork techniques and how-to,"Reading Time: 1 min 55 sec I hope the next 23’ish breaths are the most nourishing of your day. 4 THOUGHTS 1. Breathing for Anxiety “This indicates that respiratory interventions may offer a promising anxiety intervention approach in psychiatric and non-psychiatric samples who do not have access to, "
"How to Get the Most Benefits, Slow Breathing, and Joy is Our Gravity","Mon, 01 Sep 2025 10:28:00 +0000",publish,/blog/how-to-get-the-most-benefits-slow-breathing-and-joy-is-our-gravity,Breathwork techniques and how-to,Reading Time: 1 min 53 sec I hope the next 23’ish breaths are the most nourishing of your day. 4 THOUGHTS 1. How Slow Breathing Helps the Body Thrive “The practices of slow breathing and relaxation benefit the heart and respiratory system in many ways. The baroreceptors become more responsive to cha
"How to Get True Health, Extended-Release Calm, and a New Personality","Mon, 26 Feb 2024 11:28:00 +0000",publish,/blog/how-to-get-true-health-extended-release-calm-a-new-personality,Anxiety and stress,"Listen Instead of Reading If you enjoy listening, you can subscribe to the audio version on Spotify , Apple Podcasts , and Audible so you don’t even have to look at the email 😊 Enjoy These Posts? Donate to support my research. Reading Time: 1 min 44 sec I hope the next 26’ish breaths are the most no"
"How to Actually Increase Well-Being, Waves, and the Power of Breathwalk","Mon, 06 Nov 2023 11:28:00 +0000",publish,/blog/how-to-increase-well-being-waves-power-of-breathwalk,Breathwork techniques and how-to,"Listen Instead of Reading If you enjoy listening, you can subscribe to the audio version on Spotify , Apple Podcasts , and Audible so you don’t even have to look at the email 😊 Reading Time: 1 min 23 sec I hope the next 21ish breaths are the most nourishing of your day. 4 THOUGHTS 1. Without Wind, T"
"How to Measure Progress, Cognitive Regulator, and Awareness, Awareness…","Mon, 16 Jun 2025 10:28:00 +0000",publish,/blog/how-to-measure-progress-cognitive-regulator-and-awareness-awareness,Breathwork techniques and how-to,"Reading Time: 2 min 9 sec I hope the next 26’ish breaths are the most nourishing of your day. 4 THOUGHTS 1. Breath as a Central Regulator of Cognition “Collectively, the emerging consensus view from both animal and human neuroimaging studies places the breath, and its role in modulating neuronal rhy"
"How to Not Get Upset, Robust Science, and the Great Synchrony","Mon, 21 Oct 2024 10:28:00 +0000",publish,/blog/how-to-not-get-upset-robust-science-the-great-synchrony,Breathwork techniques and how-to,"Listen Instead of Reading If you enjoy listening, you can subscribe to the audio version on Spotify , Apple Podcasts , and Audible so you don’t even have to look at the email 😊 Enjoy These Posts? Donate to support this newsletter & podcast. Reading Time: 1 min 42 sec I hope the next 21’ish breaths a"
"How to Signal Calm, Nirvana, and Increasing Your Odds of Happiness","Mon, 17 Nov 2025 11:28:00 +0000",publish,/blog/how-to-signal-calm-nirvana-increasing-your-odds-of-happiness,Breathwork techniques and how-to,"Reading Time: 1 min 45 sec I hope the next 21-ish breaths are the most nourishing of your day. 4 THOUGHTS 1. How to Send Signals of Calm to Your Brain “Most contemplative practices share the commonality of slowed breathing, either intentionally, or as a consequence of the calming practice… changes i"
"How to Solve Complex Problems, Your Path, and Focusing on Joy","Mon, 03 Feb 2025 11:28:00 +0000",publish,/blog/how-to-solve-complex-problems-your-path-focusing-on-joy,Breathwork techniques and how-to,"No Audio this Week If you enjoy listening, you can listen to dozens of past episodes on Spotify , Apple Podcasts , and Audible 😊 Reminder for Coaches: Don’t forget to sign up for the free 5-day email series : Help Real People Get Real Results by Avoiding These 5 Mistakes Enjoy These Posts? Donate to"
"How to Walk Farther, Mind Roots, and Breath &amp; Gratitude","Mon, 30 Sep 2024 10:28:00 +0000",publish,/blog/how-to-walk-farther-mind-roots-and-breath-gratitude,Breathwork techniques and how-to,"Listen Instead of Reading If you enjoy listening, you can subscribe to the audio version on Spotify , Apple Podcasts , and Audible so you don’t even have to look at the email 😊 Enjoy These Posts? Donate to support this newsletter & podcast. Reading Time: 1 min 41 sec I hope the next 20’ish breaths a"
"How Breathing Improves HRV, Sleep, and “Keep Breathing. That’s the Key”","Mon, 12 Jul 2021 10:25:00 +0000",publish,/blog/hrv-sleep-keep-breathing,Breathwork techniques and how-to,"Listen Instead of Reading Greetings, I realized that last week marked one year of The Breathing 411—and 2.5 years of sending a weekly breathing newsletter. 🤯 Writing this newsletter is my favorite thing in the world to do, so thank you for reading, sharing, and practicing these ideas. Alright, here "
"Hum for Stress, Less Negative Emotions, and Find Your Life Flow","Mon, 29 Dec 2025 11:28:00 +0000",publish,/blog/hum-for-stress-less-negative-emotions-find-your-life-flow,Anxiety and stress,Reading Time: 1 min 37 sec I hope the next 19-ish breaths are the most nourishing of your day. 4 THOUGHTS 1. Humming to Reduce the Stress Response “We ask that you stop for a moment and think about the importance of this therapeutic aspect of humming. The bottom line is that humming can reduce your 
"Humming, Making Life 2-3x Better, and Our Unique Self-Regulation Powers","Mon, 22 Dec 2025 11:28:00 +0000",publish,/blog/humming-making-life-2-3x-better-our-unique-self-regulation-powers,Sleep,"Reading Time: 1 min 46 sec I hope the next 21-ish breaths are the most nourishing of your day. 4 THOUGHTS 1. Humming’s Marvelous Beneficial Effects “Humming is easy, and it has marvelous beneficial effects, from lowering blood pressure and heart rate to stimulating the release of vital hormones such"
"Humor, How to Live Well, and the First Step Toward Self-Regulation","Mon, 15 Jul 2024 10:28:00 +0000",publish,/blog/humor-how-to-live-well-first-step-toward-self-regulation,Breathwork techniques and how-to,"Listen Instead of Reading If you enjoy listening, you can subscribe to the audio version on Spotify , Apple Podcasts , and Audible so you don’t even have to look at the email 😊 Enjoy These Posts? Donate to support this newsletter & podcast. Reading Time: 1 min 48 sec I hope the next 27’ish breaths a"
"I Had No Idea, 14% More Endurance, and Breathing to Help Yourself","Mon, 24 Mar 2025 10:28:00 +0000",publish,/blog/i-had-no-idea-14-more-endurance-and-breathing-to-help-yourself,Breathwork techniques and how-to,"Reading Time: 2 min 19 sec I hope the next 28’ish breaths are the most nourishing of your day. 4 THOUGHTS 1. I Had No Idea the Impact “I had no idea the impact a simple, gentle walk would have on my life. The impact comes not only from the actual physical walking but also from the discipline, the pr"
Is This Stuff Really in Textbooks? And A New Nose-Opening Method,"Mon, 26 Oct 2020 10:30:00 +0000",publish,/blog/in-textbooks,Breathwork techniques and how-to,"Hello, and happy Monday. Here are 4 thoughts, 1 quote, and 1 answer for you to consider as we wrap up October. 4 THOUGHTS 1. Is this Stuff Really in Textbooks? Carbon dioxide (CO2) and the Bohr effect have motivated almost all the interest in breathing for health and performance. CO2 is said to loos"
The Breathing 411 - On Becoming Indisfunctionable,"Mon, 05 Oct 2020 10:30:00 +0000",publish,/blog/indisfunctionable,Breathwork techniques and how-to,"Welcome to October and another edition of The Breathing 4.1.1. Below, you’ll find 4 thoughts, 1 quote, and 1 answer (like "" Jeopardy "") related to all things breathing. Enjoy! 4 THOUGHTS 1. Breathing to Gain Traction "" On the left side is distraction, the opposite of traction...the word means the 'd"
"Inner Resources, Better Blood Flow, and How to Focus on a Fuller Life","Mon, 10 Jan 2022 11:25:00 +0000",publish,/blog/inner-blood-flow,Breathwork techniques and how-to,"Get This In Your Inbox Every Monday Email Address Sign Up We respect your privacy. Thank you! 🎧 Listen Instead of Reading 🎧 If you enjoy listening, you can subscribe to the audio version on Spotify , Apple Podcasts , and Audible so you don’t even have to look at the email 😊 4 Thoughts 1. Here is the"
"Inspiration, Recharging Our Batteries, and How to Float Through Life","Mon, 13 Jan 2025 11:28:00 +0000",publish,/blog/inspiration-recharging-our-batteries-how-to-float-through-life,Breathwork techniques and how-to,"Listen Instead of Reading If you enjoy listening, you can subscribe to the audio version on Spotify , Apple Podcasts , and Audible so you don’t even have to look at the email 😊 Enjoy These Posts? Donate to support this newsletter & podcast. Reading Time: 1 min 33 sec I hope the next 19’ish breaths a"
"Intelligent Control of Breathing, Humming, and Stopping to Think","Mon, 17 Feb 2025 11:28:00 +0000",publish,/blog/intelligent-control-of-breathing-humming-stopping-to-think,Breathwork techniques and how-to,"If you enjoy listening, you can listen to dozens of past episodes on Spotify , Apple Podcasts , and Audible 😊 Reminder for Instructors: Don’t forget to sign up for the free 5-day email series : Help More People by Avoiding These 5 Mistakes Holding Back Your Breathing and Mindfulness Coaching Reading"
"Intention, 25 Breath Ideas, and Sincere but Never Serious","Mon, 06 Jan 2025 11:28:00 +0000",publish,/blog/intention-25-breath-ideas-sincere-but-never-serious,Breathwork techniques and how-to,"Listen Instead of Reading If you enjoy listening, you can subscribe to the audio version on Spotify , Apple Podcasts , and Audible so you don’t even have to look at the email 😊 Enjoy These Posts? Donate to support this newsletter & podcast. Reading Time: 1 min 37 sec I hope the next 20’ish breaths a"
Intravenous Oxygen Delivery and The River of Breath,"Mon, 11 Jan 2021 11:30:00 +0000",publish,/blog/intravenous-oxygen,Breathwork techniques and how-to,"Welcome to another edition of the 411 newsletter. Here are 4 thoughts, 1 quote, and 1 answer for you to consider this week. Enjoy! 4 THOUGHTS 1. Intravenous Oxygen Delivery? "" For example, oral vitamin C is absorbed in the small intestine…but intravenous vitamin C bypasses the gut, achieving blood a"
"Investing, Sleep, and the Most Important Rest in a Day","Mon, 08 Mar 2021 11:30:00 +0000",publish,/blog/investing-sleep-rest,Sleep,"Greetings, Here are four thoughts, one quote, and one answer (like ""Jeopardy!"") to consider this week. Enjoy! 4 THOUGHTS As I have been making my way through Patrick McKeown’s latest book, The Breathing Cure , I’ve been reminded of just how powerful all this breathing stuff is. Patrick has sections "
"Invisible Benefits, Achieving Goals, and How to Improve Problem-Solving","Mon, 15 Dec 2025 11:28:00 +0000",publish,/blog/invisible-benefits-achieving-goals-how-to-improve-problem-solving,Breathwork techniques and how-to,Reading Time: 1 min 47 sec I hope the next 21-ish breaths are the most nourishing of your day. 4 THOUGHTS 1. The Invisible Benefits of Meditation “Often meditation works this way: we measure its value in terms of the suffering that would have happened but didn’t—thanks to the fact that we have a pra
"How to Be Irreplaceable, Coffee or Breath, and the Most Important Study Yet","Mon, 23 Jan 2023 11:28:00 +0000",publish,/blog/irreplaceable-coffee-breathwork,Breathwork techniques and how-to,"Listen Instead of Reading If you enjoy listening, you can subscribe to the audio version on Spotify , Apple Podcasts , and Audible so you don’t even have to look at the email 😊 Get this in your inbox every Monday at 6:30 a.m. Eastern. Email Address Sign Up We respect your privacy. Thank you! 4 Thoug"
"Is Anxiety Overbreathing?, Breath→Body→Mind, and The Walking Diabetic","Mon, 23 Feb 2026 11:28:00 +0000",publish,/blog/is-anxiety-overbreathing-breathbodymind-the-walking-diabetic,Breathwork techniques and how-to,Reading Time: 1 min 47 sec I hope the next 22-ish breaths are the most nourishing of your day. 4 THOUGHTS 1. The Key to Breath-Linked Mind Control “Research where people consciously change their breathing rates has shown that different ways of breathing can encourage particular frequencies to domina
"It's Possible, Movement for Mindfulness, and Breath is Life","Mon, 02 Sep 2024 10:28:00 +0000",publish,/blog/its-possible-movement-for-mindfulness-breath-is-life,Breathwork techniques and how-to,"Listen Instead of Reading If you enjoy listening, you can subscribe to the audio version on Spotify , Apple Podcasts , and Audible so you don’t even have to look at the email 😊 Enjoy These Posts? Donate to support this newsletter & podcast. Reading Time: 1 min 39 sec I hope the next 20’ish breaths a"
"The Joy of Breathwork is _________, and The 3 Best Ways to be Consistent","Mon, 25 Oct 2021 10:25:00 +0000",publish,/blog/joy-of-breathwork-consistency,Breathwork techniques and how-to,"Listen Instead of Reading 4 Thoughts 1. The Joy of Breathwork is _________ If you’ve read any books on breathwork, or heard any podcasts, or taken any classes, you’ve inevitably heard some incredible stories of healing. People use different breathing methods to help various health conditions under d"
"Laugh More, Buddha’s Breathwork, and How to Find Inner Silence","Mon, 18 Sep 2023 10:28:00 +0000",publish,/blog/laugh-more-buddhas-breathwork-how-to-find-silence,Breathwork techniques and how-to,"Listen Instead of Reading If you enjoy listening, you can subscribe to the audio version on Spotify , Apple Podcasts , and Audible so you don’t even have to look at the email 😊 Reading Time: 1 min 51 sec I hope the next 28ish breaths are the most nourishing of your day. 4 THOUGHTS 1. Laugh More: Lau"
"Learned Hope, Suffering vs. Peace, and a Perfect Quote on Breathwork","Mon, 25 Jul 2022 10:24:00 +0000",publish,/blog/learned-hope-weil-quote,Breathwork techniques and how-to,"Listen Instead of Reading If you enjoy listening, you can subscribe to the audio version on Spotify , Apple Podcasts , and Audible so you don’t even have to look at the email 😊 Get this in your inbox every Monday at 6:30 a.m. Eastern. Email Address Sign Up We respect your privacy. Thank you! 4 Thoug"
"Learning to Live, 3 Random Thoughts, and Going on an Internal Jog","Mon, 11 Nov 2024 11:28:00 +0000",publish,/blog/learning-to-live-3-random-thoughts-going-on-an-internal-jog,Contemplative practice and mindfulness,"Listen Instead of Reading If you enjoy listening, you can subscribe to the audio version on Spotify , Apple Podcasts , and Audible so you don’t even have to look at the email 😊 Enjoy These Posts? Donate to support this newsletter & podcast. Reading Time: 1 min 33 sec I hope the next 19’ish breaths a"
"How to Let Go, Breathing for Better Emotions, and Loving Life","Mon, 20 Mar 2023 10:28:00 +0000",publish,/blog/letting-go-better-emotions-loving-life,Breathwork techniques and how-to,"Listen Instead of Reading If you enjoy listening, you can subscribe to the audio version on Spotify , Apple Podcasts , and Audible so you don’t even have to look at the email 😊 Get this in your inbox every Monday at 6:30 a.m. Eastern. Email Address Sign Up We respect your privacy. Thank you! 4 THOUG"
"Life Energy, Laughter, and the 4 Elements of an Effective Breath Practice","Mon, 27 Oct 2025 10:28:00 +0000",publish,/blog/life-energy-laughter-4-elements-of-an-effective-breath-practice,Breathwork techniques and how-to,"Reading Time: 2 min 7 sec I hope the next 25-ish breaths are the most nourishing of your day. 4 THOUGHTS 1. Speech: Where Life Energy and Language Meet “Humans produce verbal language by controlling the flow of air over the voice box and vocal cords. Our words are carried on a wave of breath, the sa"
"Life Force in Action, 3 Studies, and the Power of Mind-Wandering","Mon, 23 May 2022 10:25:00 +0000",publish,/blog/life-force-mind-wander,Anxiety and stress,"🎧 Listen Instead of Reading 🎧 If you enjoy listening, you can subscribe to the audio version on Spotify , Apple Podcasts , and Audible so you don’t even have to look at the email 😊 Get this in your inbox every Monday at 6:30 a.m. Eastern. Email Address Sign Up We respect your privacy. Thank you! 4 T"
"Life, Humor, and a Great Truth You Should Know about Yourself","Mon, 11 Dec 2023 11:28:00 +0000",publish,/blog/life-humor-a-great-truth-about-yourself,Anxiety and stress,"Listen Instead of Reading If you enjoy listening, you can subscribe to the audio version on Spotify , Apple Podcasts , and Audible so you don’t even have to look at the email 😊 Reading Time: 1 min 43 sec I hope the next 26’ish breaths are the most nourishing of your day. 4 THOUGHTS 1. An Affirmation"
"How to (actually) Live Longer, Point A to B, and Breathing for Spirit","Mon, 24 Oct 2022 10:24:00 +0000",publish,/blog/live-longer-point-a,Breathwork techniques and how-to,"Listen Instead of Reading If you enjoy listening, you can subscribe to the audio version on Spotify , Apple Podcasts , and Audible so you don’t even have to look at the email 😊 Get this in your inbox every Monday at 6:30 a.m. Eastern. Email Address Sign Up We respect your privacy. Thank you! 4 Thoug"
"Living Better, Loving-Kindness, and 4 Reminders to Laugh","Mon, 15 Apr 2024 10:28:00 +0000",publish,/blog/living-better-loving-kindness-4-reminders-to-laugh,Breathwork techniques and how-to,"Listen Instead of Reading If you enjoy listening, you can subscribe to the audio version on Spotify , Apple Podcasts , and Audible so you don’t even have to look at the email 😊 Enjoy These Posts? Donate to support my research. Reading Time: 1 min 37 sec I hope the next 24’ish breaths are the most no"
"More Time, Long-Term Benefits, and How to Hold Your Breath for 6 Hours","Mon, 28 Mar 2022 10:25:00 +0000",publish,/blog/long-term-6-hr-bh,Breathwork techniques and how-to,"🎧 Listen Instead of Reading 🎧 If you enjoy listening, you can subscribe to the audio version on Spotify , Apple Podcasts , and Audible so you don’t even have to look at the email 😊 Get this in your inbox every Monday at 6:30 a.m. Eastern. Email Address Sign Up We respect your privacy. Thank you! 4 T"
"Effortless Inhales, Deepak on Smiling, and Maybe Loud Breathing is OK?","Mon, 06 Dec 2021 11:25:00 +0000",publish,/blog/loud-breathing-effortless,Breathwork techniques and how-to,"Listen Instead of Reading 4 Thoughts 1. The Breath Should Enter Very Subtly “ ‘Very subtly’ means that when the nose draws in the outside air, it should draw it very subtly so that the ear should not hear it. Being subtle and fine is the gate to life. … The inhalation should, therefore, be done in a"
"Breathing &amp; Love, Rising Above the Clouds, and 4 Years in 4 Points","Mon, 13 Dec 2021 11:25:00 +0000",publish,/blog/love-rising-buddha,Breathwork techniques and how-to,"Listen Instead of Reading 4 Thoughts 1. Demonstrations of Breathing & Love “ Demonstrations of love are small, compared with the great thing that is hidden behind them. ” - Khalil Gibran Call it what you’d like, prana, qi, & so on, but the same is true: Demonstrations of breathing are small compared"
"Love, the Gift of Giving, and How Life Gets Measured","Mon, 25 Dec 2023 11:28:00 +0000",publish,/blog/love-the-gift-of-giving-how-life-gets-measured,Breathwork techniques and how-to,"Listen Instead of Reading Sorry, no audio this week. I got sick on Saturday and couldn’t record. I hope to have it up by Tuesday or Wednesday. If you enjoy listening, you can subscribe to the audio version on Spotify , Apple Podcasts , and Audible so you don’t even have to look at the email 😊 Audio "
"More Loving Potential, Cold Showers, and the Healing Power of Mind","Mon, 09 Jan 2023 11:28:00 +0000",publish,/blog/loving-potential-cold-mind,Breathwork techniques and how-to,"Listen Instead of Reading If you enjoy listening, you can subscribe to the audio version on Spotify , Apple Podcasts , and Audible so you don’t even have to look at the email 😊 Get this in your inbox every Monday at 6:30 a.m. Eastern. Email Address Sign Up We respect your privacy. Thank you! 4 Thoug"
"Lucid Breathing, Positive Feedback Loops, and Wim Hof’s Breath Mastery","Mon, 19 Jul 2021 10:25:00 +0000",publish,/blog/lucid-breathing-feedback,Breathwork techniques and how-to,"Listen Instead of Reading Hey, Here are four thoughts, one quote, and one answer for this week. I hope you enjoy! 4 Thoughts 1. Why We Should (and Should Not) Care About HRV “ Over the years we've experimented with many different types of physiological and psychological measures. Heart rate variabil"
"MBSR Course, Reducing Anxiety, and a Funny Quote about Negative Feelings","Mon, 31 Mar 2025 10:28:00 +0000",publish,/blog/mbsr-course-reducing-anxiety-a-funny-quote-about-negative-feelings,Anxiety and stress,"Reading Time: 1 min 54 sec I hope the next 23’ish breaths are the most nourishing of your day. 4 THOUGHTS 1. MBSR 8-Week Course Starting Soon “Mindfulness is a way of befriending ourselves and our experience.” - Jon Kabat-Zinn, Ph.D My good friend, mentor, and all-around awesome human Paul Hunt is l"
"An Incredible Study, Meaningful Change, and Gratitude Right Now","Mon, 20 Nov 2023 11:28:00 +0000",publish,/blog/meaningful-change-incredible-study-gratitude-now,Breathwork techniques and how-to,"Listen Instead of Reading If you enjoy listening, you can subscribe to the audio version on Spotify , Apple Podcasts , and Audible so you don’t even have to look at the email 😊 Reading Time: 1 min 43 sec I hope the next 26’ish breaths are the most nourishing of your day. 4 THOUGHTS 1. Carve a Canyon"
"How to Use Less, Accomplish More, and Feel More Cognitive Power","Mon, 04 Apr 2022 10:25:00 +0000",publish,/blog/mental-posture-metabolism,Focus and performance,"🎧 Listen Instead of Reading 🎧 If you enjoy listening, you can subscribe to the audio version on Spotify , Apple Podcasts , and Audible so you don’t even have to look at the email 😊 Get this in your inbox every Monday at 6:30 a.m. Eastern. Email Address Sign Up We respect your privacy. Thank you! 4 T"
"The Breathing 411 - The lung microbiome, David Blaine, and a perfect breath","Mon, 24 Aug 2020 10:30:00 +0000",publish,/blog/microbiome-blaine,Breathwork techniques and how-to,"Happy Monday! Welcome to another edition of The Breathing 4.1.1. Below you’ll find 4 thoughts, 1 quote, and 1 answer (think ""Jeopardy""). Thank you for reading! 4 THOUGHTS 1. On Practicing the Fundamentals "" If someone at Kobe’s level needs to commit hours to practicing the fundamentals, then so do a"
"Mind-Body Unity, the Real Power of Breath, and a Beautiful Resilience","Mon, 09 Oct 2023 10:28:00 +0000",publish,/blog/mind-body-unity-power-of-breath-beautiful-resilience,Breathwork techniques and how-to,"Listen Instead of Reading If you enjoy listening, you can subscribe to the audio version on Spotify , Apple Podcasts , and Audible so you don’t even have to look at the email 😊 Reading Time: 1 min 55 sec I hope the next 30ish breaths are the most nourishing of your day. 4 THOUGHTS 1. After a Breathi"
"3 Easy Mindful Breaths, Breathing's Version of AI, and 7/11 for 7/11","Mon, 11 Jul 2022 10:25:00 +0000",publish,/blog/mindful-breathing-ai,Breathwork techniques and how-to,"Listen Instead of Reading If you enjoy listening, you can subscribe to the audio version on Spotify , Apple Podcasts , and Audible so you don’t even have to look at the email 😊 Get this in your inbox every Monday at 6:30 a.m. Eastern. Email Address Sign Up We respect your privacy. Thank you! 4 Thoug"
"Mindful Sauna, Focus on You, and Singing for Better Breathing","Mon, 13 Nov 2023 11:28:00 +0000",publish,/blog/mindful-sauna-focus-on-you-singing-better-breathing,Breathwork techniques and how-to,"Listen Instead of Reading If you enjoy listening, you can subscribe to the audio version on Spotify , Apple Podcasts , and Audible so you don’t even have to look at the email 😊 Reading Time: 2 min 15 sec I hope the next 34ish breaths are the most nourishing of your day. 4 THOUGHTS 1. How Jon Kabat-Z"
"Mindful vs. Slow Breathing, and How to Know the Nature of All Beings","Mon, 25 Sep 2023 10:28:00 +0000",publish,/blog/mindful-vs-slow-how-to-know-nature-of-all-beings,Breathwork techniques and how-to,"Listen Instead of Reading If you enjoy listening, you can subscribe to the audio version on Spotify , Apple Podcasts , and Audible so you don’t even have to look at the email 😊 Reading Time: 2 min 3 sec I hope the next 30ish breaths are the most nourishing of your day. 4 THOUGHTS 1. How to Become Mi"
"Why Mindless Breathing is Good, and a 5-10 sec Boost to Any Breathwork","Mon, 01 Nov 2021 10:25:00 +0000",publish,/blog/mindless-breathing-boost,Breathwork techniques and how-to,"Listen Instead of Reading 4 Thoughts 1. A 5-10 Second Boost for Any Breathing Practice Here’s a quick way to improve any breathing practice you do: Take 5-10 seconds to notice how you feel afterward. Sounds pretty freakin obvious, right? But as someone who’s always in a rush to get to the “next thin"
"How Modern Science Supports Ancient Yoga, plus Comfort in Breathwalking","Mon, 06 Sep 2021 10:25:00 +0000",publish,/blog/modern-sci-ancient-yoga,Breathwork techniques and how-to,Listen Instead of Reading The way you breathe might affect your insulin sensitivity. And the way you walk definitely affects your ability to withstand discomfort. Let’s find out how… 4 Thoughts 1. Longer Exhalations are Naturally Relaxing “ It's helpful to extend your exhalations because the ‘rest a
"More Alive, Surprising, and the Key to Lung Expansion (and a long life)","Mon, 05 Aug 2024 10:28:00 +0000",publish,/blog/more-alive-surprising-lung-expansion-long-life,Anxiety and stress,"Listen Instead of Reading If you enjoy listening, you can subscribe to the audio version on Spotify , Apple Podcasts , and Audible so you don’t even have to look at the email 😊 Enjoy These Posts? Donate to support this newsletter & podcast. Reading Time: 1 min 30 sec I hope the next 22’ish breaths a"
More Breathing in Less Time,"Mon, 25 Jan 2021 11:30:00 +0000",publish,/blog/more-breathing-less-time,Breathwork techniques and how-to,"Greetings, This week’s 411 is brought to you by espresso, curiosity, my appreciation for your readership, and espresso. Enjoy! 4 THOUGHTS 1. Use Breathing Instead of Thinking "" Social psychologists now know that the truth lies in the opposite direction. People need to change their actions and their "
"More Joy, Long Beards, and Beating a New Type of Gravity","Mon, 01 May 2023 10:28:00 +0000",publish,/blog/more-joy-long-beards-new-type-of-gravity,Breathwork techniques and how-to,"Listen Instead of Reading If you enjoy listening, you can subscribe to the audio version on Spotify , Apple Podcasts , and Audible so you don’t even have to look at the email 😊 Breathing for Better Mental & Emotional Health 4-Week Course There are now 25 students enrolled in the course. Words can’t "
"One Breath, Three Components, and the Most Effective Stress Remedy","Mon, 17 Apr 2023 10:28:00 +0000",publish,/blog/most-effective-stress-remedy-one-breath,Breathwork techniques and how-to,"Listen Instead of Reading If you enjoy listening, you can subscribe to the audio version on Spotify , Apple Podcasts , and Audible so you don’t even have to look at the email 😊 Get this in your inbox every Monday at 6:30 a.m. Eastern. Email Address Sign Up We respect your privacy. Thank you! A New T"
The Simplest Way to Increase Nitric Oxide Through Nasal Breathing,"Mon, 19 Oct 2020 10:30:00 +0000",publish,/blog/mouth-breathing-nitric-oxide,Breathwork techniques and how-to,"Hello, and happy Monday. Here are 4 thoughts, 1 quote, and 1 answer (like "" Jeopardy "") related to breathing that I hope you enjoy. 4 THOUGHTS ﻿1. Can Mouth Breathing Increase Nitric Oxide? Yes, but only if done on the exhale. Nitric oxide (NO) is continuously produced in the nasal cavity. When we i"
"Therapeutic Mouth Breathing, Focus, and My Favorite Breathing Parable","Mon, 29 Aug 2022 10:24:00 +0000",publish,/blog/mouth-breathing-parable,Breathwork techniques and how-to,"Listen Instead of Reading If you enjoy listening, you can subscribe to the audio version on Spotify , Apple Podcasts , and Audible so you don’t even have to look at the email 😊 Get this in your inbox every Monday at 6:30 a.m. Eastern. Email Address Sign Up We respect your privacy. Thank you! 4 Thoug"
"Movement, Heart and Lung Vacation, and My Teacher is Best","Mon, 20 May 2024 10:28:00 +0000",publish,/blog/movement-heart-lung-vacation-my-teacher-is-best,Nervous system science,"Listen Instead of Reading If you enjoy listening, you can subscribe to the audio version on Spotify , Apple Podcasts , and Audible so you don’t even have to look at the email 😊 Enjoy These Posts? Donate to support my research. Reading Time: 1 min 34 sec I hope the next 24’ish breaths are the most no"
"My Ghostwriter, Cost-Free, and the Best Gift We Can Give Others","Mon, 27 May 2024 10:28:00 +0000",publish,/blog/my-ghostwriter-cost-free-the-best-gift-we-can-give-others,Focus and performance,"Listen Instead of Reading If you enjoy listening, you can subscribe to the audio version on Spotify , Apple Podcasts , and Audible so you don’t even have to look at the email 😊 Enjoy These Posts? Donate to support my research. Reading Time: 1 min 32 sec I hope the next 23’ish breaths are the most no"
"My Top 5 Breath Books, Unconditional Love, and a Life Changing Outro","Mon, 05 Jun 2023 10:28:00 +0000",publish,/blog/my-top-5-breath-books-love-life-changing-outro,Breathwork techniques and how-to,"Listen Instead of Reading If you enjoy listening, you can subscribe to the audio version on Spotify , Apple Podcasts , and Audible so you don’t even have to look at the email 😊 4 THOUGHTS 1. My 5 Favorite Breathing Books & the Order I’d Read Them if I Started Over Full Catastrophe Living : Teaches t"
"Breathing for Diabetes Class, Mystics, and How to Reach the Ideal State","Mon, 28 Feb 2022 11:25:00 +0000",publish,/blog/mystics-ideal-state,Breathwork techniques and how-to,"🎧 Listen Instead of Reading 🎧 If you enjoy listening, you can subscribe to the audio version on Spotify , Apple Podcasts , and Audible so you don’t even have to look at the email 😊 Get this in your inbox every Monday at 6:30 a.m. Eastern. Email Address Sign Up We respect your privacy. Thank you! 4 T"
"Nasal Breathing, Belly Laughing, and My Favorite Signs of Progress","Mon, 16 Sep 2024 10:28:00 +0000",publish,/blog/nasal-breathing-belly-laughing-my-favorite-signs-of-progress,Breathwork techniques and how-to,"Listen Instead of Reading If you enjoy listening, you can subscribe to the audio version on Spotify , Apple Podcasts , and Audible so you don’t even have to look at the email 😊 Enjoy These Posts? Donate to support this newsletter & podcast. Reading Time: 2 min 4 sec I hope the next 25’ish breaths ar"
"The Lesser-Known Benefits of Nasal Breathing, Designed for Diabetes","Mon, 29 Mar 2021 10:00:00 +0000",publish,/blog/nasal-breathing-diabetes,Breathwork techniques and how-to,"As a person with type 1 diabetes, my experience with nasal breathing has been nothing short of miraculous. It's been such a simple change, yet its impacts on my energy and blood sugars have been profound. I feel it would be irresponsible not to share it with other people with diabetes. Luckily, peop"
"Nasal Minded, Three Quotes, And Making Your Own Path","Mon, 09 Sep 2024 10:28:00 +0000",publish,/blog/nasal-minded-three-quotes-and-making-your-own-path,Breathwork techniques and how-to,"Listen Instead of Reading If you enjoy listening, you can subscribe to the audio version on Spotify , Apple Podcasts , and Audible so you don’t even have to look at the email 😊 Enjoy These Posts? Donate to support this newsletter & podcast. Reading Time: 1 min 54 sec I hope the next 23’ish breaths a"
"Nerdy Warriors of the Breath, Investing, and a Useful Look at HRV","Mon, 05 Jul 2021 10:25:00 +0000",publish,/blog/nerdy-warriors-investing,Nervous system science,"Listen Instead of Reading Greetings, Here are four thoughts, one quote, and one answer for this week. Enjoy! 4 Thoughts 1. A Practical Look at HRV and Resiliency “ Resilience is the ability to return to normalcy, according to Jen Baker, director of athletics and recreation at John Hopkins University"
"New Breath-Brain Study, Coffee Jokes, and How to Induce Creativity","Mon, 09 Mar 2026 10:28:00 +0000",publish,/blog/new-breath-brain-study-coffee-jokes-how-to-induce-creativity,Breathwork techniques and how-to,Reading Time: 1 min 51 sec I hope the next 22-ish breaths are the most nourishing of your day. NEW: Watch the AI-Generated Explainer Video Instead (this is pretty awesome 😊) 4 THOUGHTS 1. A Brand New Study on Breathing & the Brain “This work establishes respiratory rhythm as a physiologically tunabl
"New Breath Paper, How to Live Well, and Positive Forces of the Mind","Mon, 18 Aug 2025 10:28:00 +0000",publish,/blog/new-breath-paper-how-to-live-well-and-positive-forces-of-the-mind,Breathwork techniques and how-to,"Reading Time: 1 min 56 sec I hope the next 23’ish breaths are the most nourishing of your day. 4 THOUGHTS 1. Improving Thought Patterns and Stress Resilience “While various techniques may yield different short-term psychophysiological effects, their distinctive long-term significance diminishes over"
Exciting News: A New Breathing Gas Discovered,"Mon, 02 Nov 2020 11:30:00 +0000",publish,/blog/new-gas-discovered,Breathwork techniques and how-to,"Happy Monday. There was a breakthrough in breathing research over the past few weeks: A new breathing gas has been discovered . I hope the extra hour of sleep you got this weekend will help this exciting news sink in even deeper. OK, let’s get to it. Here are 4 thoughts, 1 quote, and 1 answer for yo"
"New Mouth Tape Study, Universal Rhythm, and the Ego Hates This","Mon, 30 Dec 2024 11:28:00 +0000",publish,/blog/new-mouth-tape-study-universal-rhythm-the-ego-hates-this,Science 411 study breakdowns,"Listen Instead of Reading If you enjoy listening, you can subscribe to the audio version on Spotify , Apple Podcasts , and Audible so you don’t even have to look at the email 😊 Enjoy These Posts? Donate to support this newsletter & podcast. Reading Time: 1 min 44 sec I hope the next 21’ish breaths a"
"The Breathing 411 - There Are No Quick Fixes, Except This One","Mon, 07 Sep 2020 10:30:00 +0000",publish,/blog/no-quick-fixes,Breathwork techniques and how-to,"Welcome to another version of The Breathing 4.1.1. , where I curate the curators to bring you the best practical ideas I can find about breathing. Below you’ll find 4 thoughts, 1 quote, and 1 answer (think ""Jeopardy""). Enjoy! 4 THOUGHTS 1. There Are No Quick Fixes, Except This One "" You won’t find m"
"Nose versus Mouth, 800000 and 73 days, and Our Best Weapon for Stress","Mon, 30 May 2022 10:25:00 +0000",publish,/blog/nose-stress-73,Anxiety and stress,"🎧 Listen Instead of Reading 🎧 If you enjoy listening, you can subscribe to the audio version on Spotify , Apple Podcasts , and Audible so you don’t even have to look at the email 😊 Get this in your inbox every Monday at 6:30 a.m. Eastern. Email Address Sign Up We respect your privacy. Thank you! 4 T"
"Nose vs. Vagus, Meditation for a Meaningful Life, and Trust Brings Calm","Mon, 19 May 2025 10:28:00 +0000",publish,/blog/nose-vs-vagus-meditation-for-a-meaningful-life-and-trust-brings-calm,Contemplative practice and mindfulness,"Reading Time: 2 min 0 sec I hope the next 24’ish breaths are the most nourishing of your day. 4 THOUGHTS 1. Breathing for Better Brain Health Workshop A reminder that I am teaming up with Eddie Stern to bring back the Breathing for Better Brain Health workshop on June 8th. In it, you’ll learn the sc"
"Nutritious Breathing, a Touch of Mindfulness, and Why Resonance Works","Mon, 26 Sep 2022 10:24:00 +0000",publish,/blog/nutritious-indirect-resonance,Breathwork techniques and how-to,"Listen Instead of Reading If you enjoy listening, you can subscribe to the audio version on Spotify , Apple Podcasts , and Audible so you don’t even have to look at the email 😊 Get this in your inbox every Monday at 6:30 a.m. Eastern. Email Address Sign Up We respect your privacy. Thank you! 4 Thoug"
"On Breathing, Moving &amp; Stillness, and Taking an Instant Vacation","Mon, 10 Feb 2025 11:28:00 +0000",publish,/blog/on-breathing-moving-stillness-taking-an-instant-vacation,Breathwork techniques and how-to,"If you enjoy listening, you can listen to dozens of past episodes on Spotify , Apple Podcasts , and Audible 😊 Reminder for Coaches: Don’t forget to sign up for the free 5-day email series : Help More People by Avoiding These 5 Mistakes Holding Back Your Breathing and Mindfulness Coaching Enjoy These"
"One of My New Favorites, Inhale, and 3 Reminders to Exhale","Mon, 23 Sep 2024 10:28:00 +0000",publish,/blog/one-of-my-new-favorites-inhale-3-reminders-to-exhale,Breathwork techniques and how-to,"Listen Instead of Reading If you enjoy listening, you can subscribe to the audio version on Spotify , Apple Podcasts , and Audible so you don’t even have to look at the email 😊 Enjoy These Posts? Donate to support this newsletter & podcast. Reading Time: 1 min 43 sec I hope the next 21’ish breaths a"
"Free 1-on-1 Sessions, Less is More, and How to Life a Long &amp; Healthy Life","Mon, 04 Jul 2022 10:25:00 +0000",publish,/blog/one-on-ones-less-more,Breathwork techniques and how-to,"Listen Instead of Reading If you enjoy listening, you can subscribe to the audio version on Spotify , Apple Podcasts , and Audible so you don’t even have to look at the email 😊 Get this in your inbox every Monday at 6:30 a.m. Eastern. Email Address Sign Up We respect your privacy. Thank you! 4 Thoug"
"One-Second Meditation, Being Breathed, and Why Slow Breathing Works","Mon, 20 Jan 2025 11:28:00 +0000",publish,/blog/one-second-meditation-being-breathed-why-slow-breathing-works,Breathwork techniques and how-to,"Listen Instead of Reading If you enjoy listening, you can subscribe to the audio version on Spotify , Apple Podcasts , and Audible so you don’t even have to look at the email 😊 Enjoy These Posts? Donate to support this newsletter & podcast. Reading Time: 1 min 30 sec I hope the next 18’ish breaths a"
One-Sentence Ideas and Your Breathing Identity,"Mon, 04 Jan 2021 11:30:00 +0000",publish,/blog/one-sentence-and-identity,Breathwork techniques and how-to,"Happy New Year! Thanks for joining me for the first 411 of the year. Here are 4 thoughts, 1 quote, and 1 answer for you to consider this week. 4 THOUGHTS 1. 21 One-Sentence Breathing Ideas "" Weak is he who permits his thoughts to control his breath; strong is he who forces his breath to control his "
"One Solution to Stress, Getting More, and the Best $0.99 I’ve Spent","Mon, 16 Oct 2023 10:28:00 +0000",publish,/blog/one-solution-stress-getting-more-best-99-ive-spent,Anxiety and stress,"Listen Instead of Reading If you enjoy listening, you can subscribe to the audio version on Spotify , Apple Podcasts , and Audible so you don’t even have to look at the email 😊 Reading Time: 2 min 12 sec I hope the next 33ish breaths are the most nourishing of your day. 4 THOUGHTS 1. The Most Ubiqui"
Oxidative Stress and Civilized vs. Wild Breathing,"Mon, 22 Mar 2021 10:25:00 +0000",publish,/blog/oxidative-stress-wild-breathing,Breathwork techniques and how-to,"Listen to this Post as a 5-min Podcast: "" You cannot breathe your way out of a Big Mac ."" But apparently, slow breathing might help it taste better (see #3 below). Ok, let’s get to it. Here are 4 thoughts, 1 quote, and 1 answer for the week. Enjoy! 4 THOUGHTS 1. Is There Really “Dysfunctional” Breat"
"Phil Jackson on Focused Breathing, Nature’s CO2 Trick, and Wisdom of Yoga","Mon, 21 Jun 2021 10:25:00 +0000",publish,/blog/phil-jackson-nature-trick,Breathwork techniques and how-to,"Listen Instead of Reading Hey, Here are four thoughts, one quote, and one answer for this week. Enjoy! 4 Thoughts 1. Don’t Let Your Breathing Get Featured to Death “ The answer starts with the noble intentions of engineers. Most technology and product design projects must combat feature creep, the t"
"Phil Mickelson, and How Modern Science Helps Explain 2000-Year-Old Wisdom","Mon, 28 Jun 2021 10:25:00 +0000",publish,/blog/phil-mickelson-ancient-wisdom,Sleep,"Listen Instead of Reading Hey, Here are 4 thoughts, 1 quote, and 1 answer for this week. Enjoy! 4 Thoughts 1. The Real Lesson from Phil Mickelson: For Diabetes, and Life in General Phil Mickelson used controlled breathing throughout the PGA Championship. So, when he won, it was an exciting moment fo"
"Positive Stress, Open Heart, and a Poor Host for Disease","Mon, 17 Jun 2024 10:28:00 +0000",publish,/blog/positive-stress-open-heart-poor-host-for-disease,Anxiety and stress,"Listen Instead of Reading If you enjoy listening, you can subscribe to the audio version on Spotify , Apple Podcasts , and Audible so you don’t even have to look at the email 😊 Enjoy These Posts? Donate to support this newsletter & podcast. Reading Time: 1 min 29 sec I hope the next 22’ish breaths a"
"Sit Up Straight, a Language of Energy, and Two Hours instead of One?","Mon, 14 Mar 2022 10:25:00 +0000",publish,/blog/posture-lean-into-practice,Nervous system science,"🎧 Listen Instead of Reading 🎧 If you enjoy listening, you can subscribe to the audio version on Spotify , Apple Podcasts , and Audible so you don’t even have to look at the email 😊 Get this in your inbox every Monday at 6:30 a.m. Eastern. Email Address Sign Up We respect your privacy. Thank you! 4 T"
"The Science of Presence, Beating Gravity, and How to Sleep Like a Pro","Mon, 16 Aug 2021 10:25:00 +0000",publish,/blog/presence-pro-sleeping,Breathwork techniques and how-to,"Listen Instead of Reading Greetings, Here are 4 thoughts, 1 quote, and 1 answer for this week. I hope you enjoy it! 4 Thoughts 1. How to Sleep Like a Pro: Nose, 4-4-6-2, Repeat “ Breathe deeply and regularly…Try to breathe through your nose, keeping your mouth closed if at all possible. The more you"
"Progress, Heart &amp; Happiness, and How to Become a Breath Coach","Mon, 01 Aug 2022 10:24:00 +0000",publish,/blog/progress-heart-happiness,Breathwork techniques and how-to,"Listen Instead of Reading If you enjoy listening, you can subscribe to the audio version on Spotify , Apple Podcasts , and Audible so you don’t even have to look at the email 😊 Get this in your inbox every Monday at 6:30 a.m. Eastern. Email Address Sign Up We respect your privacy. Thank you! 4 Thoug"
On Recovering Better and Setting A Breathing Budget,"Mon, 30 Nov 2020 11:30:00 +0000",publish,/blog/recover-better-breathing-budget,Breathwork techniques and how-to,"Welcome back to another issue of The Breathing 411. Here are 4 thoughts, 1 quote, and 1 answer to end November with. 4 THOUGHTS 1. You Already Work Hard Enough—Recover Harder "" The problem in today’s corporate world, as well as in many other realms, is not hard work; the problem is insufficient reco"
"Is Resonance Overrated, Breathing 3.0, and Feeling More this Week","Mon, 31 Oct 2022 10:24:00 +0000",publish,/blog/resonance-breathing30-emotional,Breathwork techniques and how-to,"Listen Instead of Reading If you enjoy listening, you can subscribe to the audio version on Spotify , Apple Podcasts , and Audible so you don’t even have to look at the email 😊 Get this in your inbox every Monday at 6:30 a.m. Eastern. Email Address Sign Up We respect your privacy. Thank you! 4 Thoug"
"How to Rest Your Brain, How to Deal with Problems, and Less is More","Mon, 22 Sep 2025 10:28:00 +0000",publish,/blog/rest-your-brain-deal-with-problems-less-is-more,Breathwork techniques and how-to,"Reading Time: 1 min 40 sec I hope the next 20-ish breaths are the most nourishing of your day. 4 THOUGHTS 1. How to Give Your Overactive Brain a Rest “Slower regulated breathing has a calming effect on both your body and mind, and it also decreases metabolic activity in different parts of the brain."
"Science Talk, Stress, and 3 Exercises to Heal Any Ailment","Mon, 08 Apr 2024 10:28:00 +0000",publish,/blog/science-talk-stress-3-exercises-to-heal-any-ailment,Anxiety and stress,"Listen Instead of Reading If you enjoy listening, you can subscribe to the audio version on Spotify , Apple Podcasts , and Audible so you don’t even have to look at the email 😊 Enjoy These Posts? Donate to support my research. Reading Time: 1 min 49 sec I hope the next 27’ish breaths are the most no"
"See the World, Deep Rest, and a Simple Step for Profound Effects","Mon, 06 May 2024 10:28:00 +0000",publish,/blog/see-the-world-deep-rest-a-simple-step-for-profound-effects,Sleep,"Listen Instead of Reading If you enjoy listening, you can subscribe to the audio version on Spotify , Apple Podcasts , and Audible so you don’t even have to look at the email 😊 Enjoy These Posts? Donate to support my research. Reading Time: 1 min 48 sec I hope the next 27’ish breaths are the most no"
"Self-Expression, Sending Messages of Calm, and How to Live Well","Mon, 05 Feb 2024 11:28:00 +0000",publish,/blog/self-expression-sending-messages-of-calm-how-to-live-well,Breathwork techniques and how-to,"Listen Instead of Reading If you enjoy listening, you can subscribe to the audio version on Spotify , Apple Podcasts , and Audible so you don’t even have to look at the email 😊 Enjoy My Work? Donate to keep me breathing. Reading Time: 1 min 51 sec I hope the next 28’ish breaths are the most nourishi"
"A Shared Theme, Heal the Body, and Tony Robbins's 3 Breathing Practices","Mon, 07 Mar 2022 11:25:00 +0000",publish,/blog/shared-theme-tony-robbins,Breathwork techniques and how-to,"🎧 Listen Instead of Reading 🎧 If you enjoy listening, you can subscribe to the audio version on Spotify , Apple Podcasts , and Audible so you don’t even have to look at the email 😊 Get this in your inbox every Monday at 6:30 a.m. Eastern. Email Address Sign Up We respect your privacy. Thank you! 4 T"
The Skill of Breath and Pillars of Health,"Mon, 21 Dec 2020 11:30:00 +0000",publish,/blog/skill-of-breath,Breathwork techniques and how-to,"Greetings, Here are 4 thoughts, 1 quote, and 1 answer to reflect on this holiday week. 4 THOUGHTS 1. Breathing is a Universal Skill Most skills you learn in soccer don’t make you better at baseball. Most skills you learn in tennis don’t make you better at hockey. But the skill of breathing is univer"
"SKY Breath Course, Tend to Your Wellbeing, and the Key to Longevity","Mon, 03 Mar 2025 11:28:00 +0000",publish,/blog/sky-breath-course-tend-to-your-wellbeing-and-the-key-to-longevity,Breathwork techniques and how-to,"Reading Time: 1 min 53 sec I hope the next 23’ish breaths are the most nourishing of your day. 4 THOUGHTS 1. SKY Breathing Course for Better Physical and Mental Health My great friend Colleen Loehr, MD, is co-leading a SKY breathing course for the Art of Living. This is the infamous practice that st"
"Slow Gratitude, Breath Pole Vaulting, and Two Ways It Calms the Mind","Mon, 22 May 2023 10:28:00 +0000",publish,/blog/slow-gratitude-breath-pole-vaulting-calm-mind,Breathwork techniques and how-to,"Listen Instead of Reading If you enjoy listening, you can subscribe to the audio version on Spotify , Apple Podcasts , and Audible so you don’t even have to look at the email 😊 4 THOUGHTS 1. The Gratitude of Breathing Slow breathing is to meditation what gratitude is to journaling. 2. A Benefit of M"
"Smell the Flowers, a Test, and How to Pacify the Mind","Mon, 01 Jul 2024 10:28:00 +0000",publish,/blog/smell-the-flowers-a-test-how-to-pacify-the-mind,Breathwork techniques and how-to,"Listen Instead of Reading If you enjoy listening, you can subscribe to the audio version on Spotify , Apple Podcasts , and Audible so you don’t even have to look at the email 😊 Audio Block Double-click here to upload or link to a .mp3. Learn more Enjoy These Posts? Donate to support this newsletter "
"A Smile, Perfect Advice on Methods, and I Was Happy Until this Moment","Mon, 11 Sep 2023 10:28:00 +0000",publish,/blog/smile-perfect-on-methods-happy-until-this-moment,Personal and newsletter style,"Listen Instead of Reading If you enjoy listening, you can subscribe to the audio version on Spotify , Apple Podcasts , and Audible so you don’t even have to look at the email 😊 Reading Time: 2 min 1 sec I hope the next 30ish breaths are the most nourishing of your day. 4 THOUGHTS 1. Science of Breat"
Smiling and the Warren Buffets of Breathing,"Mon, 08 Feb 2021 11:30:00 +0000",publish,/blog/smiling-buffets-breathing,Breathwork techniques and how-to,"Greetings, Here are 4 thoughts, 1 quote, and 1 answer to consider this week. Enjoy! 4 THOUGHTS 1. Breathing is the Only True Compounding Health Benefit "" Growth is driven by compounding, which always takes time. "" - Morgan Housel, The Psychology of Money Many investors are better than Warren Buffet."
"Smiling, Heart at Ease, and a Life-Changing Shift in Perspective","Mon, 22 Jan 2024 11:28:00 +0000",publish,/blog/smiling-heart-at-ease-life-changing-shift-perspective,Breathwork techniques and how-to,"Listen Instead of Reading If you enjoy listening, you can subscribe to the audio version on Spotify , Apple Podcasts , and Audible so you don’t even have to look at the email 😊 Enjoy My Work? Donate to keep me breathing. Reading Time: 1 min 43 sec I hope the next 25’ish breaths are the most nourishi"
"Soul Physiology, Laughter Heals, and a Great Zen Master","Mon, 13 May 2024 10:28:00 +0000",publish,/blog/soul-physiology-laughter-heals-great-zen-master,Nervous system science,"Listen Instead of Reading If you enjoy listening, you can subscribe to the audio version on Spotify , Apple Podcasts , and Audible so you don’t even have to look at the email 😊 Enjoy These Posts? Donate to support my research. Reading Time: 1 min 41 sec I hope the next 25’ish breaths are the most no"
"Nose or Mouth, 23 Years Ago, and How to Make Spiritual Progress","Mon, 10 Oct 2022 10:24:00 +0000",publish,/blog/spiritual-progress-nose-mouth,Breathwork techniques and how-to,"Listen Instead of Reading If you enjoy listening, you can subscribe to the audio version on Spotify , Apple Podcasts , and Audible so you don’t even have to look at the email 😊 Get this in your inbox every Monday at 6:30 a.m. Eastern. Email Address Sign Up We respect your privacy. Thank you! 4 Thoug"
"Light and Calm, Start by Starting, and the 60/40 Rule of Slow Breathing","Mon, 15 Nov 2021 11:25:00 +0000",publish,/blog/start-by-starting-6040,Breathwork techniques and how-to,"Listen Instead of Reading 4 Thoughts 1. How to Get Started with Breathwork “ But this doesn’t have to be all at once. Start by starting. Add in what you can right now, and as these practices begin to improve your performance, they’ll end up saving you time. ” - Steven Kotler, The Art of Impossible K"
"The Breathing 411 - What do 5,649 and 28,800 Have in Common?","Mon, 31 Aug 2020 10:30:00 +0000",publish,/blog/steps-vs-breaths-emerson,Breathwork techniques and how-to,"Hello and Happy Monday. Welcome to another edition of The Breathing 4.1.1. Below you’ll find 4 thoughts, 1 quote, and 1 answer (think ""Jeopardy""). Enjoy! 4 THOUGHTS 1. What do 5,649 and 28,800 Have in Common? "" The average daily step count required to induce feelings of anxiety and depression and de"
"Stolen Focus, 3 Ingredients, and a Fascinating Aspect of Slow Breathing","Mon, 02 Mar 2026 11:28:00 +0000",publish,/blog/stolen-focus-3-ingredients-a-fascinating-aspect-of-slow-breathing,Breathwork techniques and how-to,"Reading Time: 1 min 30 sec I hope the next 18-ish breaths are the most nourishing of your day. 4 THOUGHTS 1. Remarkable Effects on Physiology Breath work—learning how to change breathing habits and practicing specific breathing techniques—has remarkable effects on physiology. It cannot cause harm, r"
Stop Breathing Sugar,"Mon, 16 Nov 2020 11:30:00 +0000",publish,/blog/stop-breathing-sugar,Breathwork techniques and how-to,"Happy Monday! Let’s get right to it. Here are 4 thoughts, 1 quote, and 1 answer for this week. 4 THOUGHTS 1. Breathing is so Cliché ""Defense wins championships // The best defense is a good offense. Birds of a feather flock together // Opposites attract. You get what you pay for // The best things i"
"How To Be a Straight-A Breathing Student, and Why Diabetics “Get It”","Mon, 12 Apr 2021 10:25:00 +0000",publish,/blog/straight-a-student,Breathwork techniques and how-to,"Listen to this post in 5 min 51 sec: Yesterday was 4-11. Yesterday was World Breathing Day. Yesterday was also my birthday. It’s almost as if it was meant to be this week… Alright, here are 4 thoughts, 1 quote, and 1 answer for the week. Enjoy! 4 Thoughts 1. How To Be a Straight-A Breathing Student "
"Better Under Stress, Wim Hof’s Joy, and a Protocol based on 29 Studies","Mon, 18 Apr 2022 10:25:00 +0000",publish,/blog/stress-29-studies,Anxiety and stress,"🎧 Listen Instead of Reading 🎧 If you enjoy listening, you can subscribe to the audio version on Spotify , Apple Podcasts , and Audible so you don’t even have to look at the email 😊 Get this in your inbox every Monday at 6:30 a.m. Eastern. Email Address Sign Up We respect your privacy. Thank you! 4 T"
"Rock Climbing, Stress &amp; Growth, and How to be Present (not just breathing)","Mon, 21 Feb 2022 11:25:00 +0000",publish,/blog/stress-growth-superhuman,Breathwork techniques and how-to,"🎧 Listen Instead of Reading 🎧 If you enjoy listening, you can subscribe to the audio version on Spotify , Apple Podcasts , and Audible so you don’t even have to look at the email 😊 Get this in your inbox every Monday at 6:30 a.m. Eastern. Email Address Sign Up We respect your privacy. Thank you! 4 T"
"Big Tech vs. Gandhi, Breathing is Self-Love, and Syncing w/ the Heart","Mon, 13 Feb 2023 11:28:00 +0000",publish,/blog/tech-gandhi-love,Breathwork techniques and how-to,"Listen Instead of Reading If you enjoy listening, you can subscribe to the audio version on Spotify , Apple Podcasts , and Audible so you don’t even have to look at the email 😊 Get this in your inbox every Monday at 6:30 a.m. Eastern. Email Address Sign Up We respect your privacy. Thank you! 4 Thoug"
"Ten Breaths, the Power of Intention, and a Prescription for a Good Life","Mon, 02 Dec 2024 11:28:00 +0000",publish,/blog/ten-breaths-the-power-of-intention-prescription-for-a-good-life,Breathwork techniques and how-to,"Listen Instead of Reading If you enjoy listening, you can subscribe to the audio version on Spotify , Apple Podcasts , and Audible so you don’t even have to look at the email 😊 Enjoy These Posts? Donate to support this newsletter & podcast. Reading Time: 1 min 57 sec I hope the next 24’ish breaths a"
"The #1 Most Important Skill, Activation Ritual, and Vitality and Resilience","Mon, 21 Jul 2025 10:28:00 +0000",publish,/blog/the-1-most-important-skill-activation-ritual-and-vitality-and-resilience,Breathwork techniques and how-to,"Reading Time: 1 min 53 sec I hope the next 23’ish breaths are the most nourishing of your day. 4 THOUGHTS 1. The One Skill to Get Good At “Remember, above all, breathing is the one skill to get good at!” – Dr. Dana Sinclair, Dialed In Dr. Sinclair has two PhDs, one in sport psychology and another in"
"A Mystical Organ, and The 4 Best Ways to Keep Your Breathing Interesting","Mon, 24 May 2021 10:25:00 +0000",publish,/blog/the-4-best-ways,Breathwork techniques and how-to,"Listen to this post: Greetings, Here are 4 thoughts, 1 quote, and 1 answer for this week. Enjoy! 4 Thoughts 1. The 4 Best Ways to Keep Your Breathing Practice Interesting Try New Methods Example: Trying a new method or breathing rate each week. Make it Harder Example: Gradually increasing the sides "
The Books I Read in 2023 (plus top 3 in each category),"Mon, 01 Jan 2024 05:02:00 +0000",publish,/blog/the-books-i-read-in-2023,Breathwork techniques and how-to,"Top 3 Overall 1. How Bad Do You Want It?: Mastering the Psychology of Mind over Muscle 2. The Well-Lived Life: A 102-Year-Old Doctor's Six Secrets to Health and Happiness at Every Age 3. Full Catastrophe Living: Using the Wisdom of Your Body and Mind to Face Stress, Pain, and Illness Top 3 Breathing"
"The Power of Proper Breathing, the 1st Step, and a Huge Morale Booster","Mon, 28 Jul 2025 10:28:00 +0000",publish,/blog/the-power-of-proper-breathing-the-1st-step-and-a-huge-morale-booster,Breathwork techniques and how-to,"Reading Time: 1 min 48 sec I hope the next 22’ish breaths are the most nourishing of your day. 4 THOUGHTS 1. The Power of Proper Breathing “Proper breathing can help you cope with stress, sleep better, be less angry or moody, and refresh your energy. It can slow your heart rate and reduce your blood"
"The Science Is In, Why Breathing is First, and a Better Metric of Success","Mon, 15 Sep 2025 10:28:00 +0000",publish,/blog/the-science-is-in-why-breathing-is-first-and-a-better-metric-of-success,Breathwork techniques and how-to,"Reading Time: 1 min 34 sec I hope the next 19’ish breaths are the most nourishing of your day. 4 THOUGHTS 1. Why Your Brain Puts Breathing First “Over thousands of years of evolution, fast and powerful pathways between the respiratory system and the brain have been established. If breathing stops, d"
The Surprising Benefits of Yawning,"Mon, 29 Sep 2025 10:28:00 +0000",publish,/blog/the-surprising-benefits-of-yawning,Focus and performance,"Reading Time: 1 min 55 sec I hope the next 23-ish breaths are the most nourishing of your day. I read some fascinating things about yawning last week that blew my mind. So, I’m making an exception to my usual “random thoughts” format and dedicating this entire newsletter to the surprising benefits o"
"This is Astonishing, Heart &amp; Brain, and Your Mind Can Change Your Life","Mon, 13 Oct 2025 10:28:00 +0000",publish,/blog/this-is-astonishing-heart-brain-and-your-mind-can-change-your-life,Focus and performance,"Reading Time: 1 min 40 sec I hope the next 20-ish breaths are the most nourishing of your day. 4 THOUGHTS 1. Slow Breathing Synchronizes Heart and Brain Rhythms Here is Leah Lagos, Psy.D., explaining a study where participants breathed at 6 breaths a minute for 5 minutes: “They found that when subje"
"A Wild Sleep Study, Becoming Great, and Being More Human","Mon, 15 Jan 2024 11:28:00 +0000",publish,/blog/tickle-your-adrenals-superhuman-is-sleep-all-in-your-head,Sleep,"Listen Instead of Reading If you enjoy listening, you can subscribe to the audio version on Spotify , Apple Podcasts , and Audible so you don’t even have to look at the email 😊 Enjoy My Work? Donate to keep me breathing. Reading Time: 2 min 2 sec I hope the next 30’ish breaths are the most nourishin"
The Breathing 411 - Intermittent Fasting and Time-Restricted Breathing,"Mon, 28 Sep 2020 10:30:00 +0000",publish,/blog/time-restricted-breathing,Breathwork techniques and how-to,"Welcome to another week of The Breathing 4.1.1. Let’s get right to it. 4 THOUGHTS 1. Time-Restricted Breathing? Every now and then, skipping a meal or two (""intermittent fasting"") can be good for you. Studies have even found that just compressing your eating window (that is, "" time-restricted eating"
"Timeless Healing, Anti-Harley, and 2 Rules to Improve Your Breathing","Mon, 21 Mar 2022 10:25:00 +0000",publish,/blog/timeless-healing-2-rules,Breathwork techniques and how-to,"🎧 Listen Instead of Reading 🎧 If you enjoy listening, you can subscribe to the audio version on Spotify , Apple Podcasts , and Audible so you don’t even have to look at the email 😊 Get this in your inbox every Monday at 6:30 a.m. Eastern. Email Address Sign Up We respect your privacy. Thank you! 4 T"
"Top 5 Daily Breaths, a Guide to Wim Hof, and Coherence Fuels Purpose","Mon, 06 Jun 2022 10:24:00 +0000",publish,/blog/top-5-coherence-purpose,Breathwork techniques and how-to,"🎧 Listen Instead of Reading 🎧 If you enjoy listening, you can subscribe to the audio version on Spotify , Apple Podcasts , and Audible so you don’t even have to look at the email 😊 Get this in your inbox every Monday at 6:30 a.m. Eastern. Email Address Sign Up We respect your privacy. Thank you! 4 T"
"Top 5 IG Accounts, “Embreathment”, and Breathing for Emotional Health","Mon, 03 Apr 2023 10:28:00 +0000",publish,/blog/top-5-ig-embreathment-emotional-health,Breathwork techniques and how-to,"Listen Instead of Reading If you enjoy listening, you can subscribe to the audio version on Spotify , Apple Podcasts , and Audible so you don’t even have to look at the email 😊 Get this in your inbox every Monday at 6:30 a.m. Eastern. Email Address Sign Up We respect your privacy. Thank you! 4 THOUG"
"Coherent Breathing, Diabetes, and How All Top Performers Use The Breath","Mon, 03 May 2021 10:25:00 +0000",publish,/blog/top-performers,Breathwork techniques and how-to,"Listen to this post: Thanks for clicking on another issue of The Breathing 411. Here are 4 thoughts, 1 quote, and 1 answer for this week. Enjoy! 4 Thoughts 1. Why We Should Practice Coherent Breathing, in just Two Sentences “ When oscillations of two or more systems are synchronised it increases phy"
How I Trained for Altitude (it's not what you might think),"Mon, 13 Sep 2021 10:00:00 +0000",publish,/blog/training-for-altitude,Breathwork techniques and how-to,"[caption id="""" align=""alignnone"" width=""3024""] View of Mount Audubon from Mitchell Lake [/caption] “ Everyone has a plan 'till they get punched in the mouth. ” - Mike Tyson I live in Florida, basically below sea level : ) So when my best friend invited me to hike up to 13,200 ft, I put a ton of pres"
"Treadmills, Metronomes, and Breathing Graffiti on 28 Famous Quotes &amp; Idioms","Mon, 07 Jun 2021 10:25:00 +0000",publish,/blog/treadmills-and-metronomes,Breathwork techniques and how-to,"Listen to this post: Hello fellow breathing nerds, Here are 4 thoughts, 1 quote, and 1 answer for this week. Enjoy! 4 Thoughts 1. The Satisfaction Treadmill, and Why We Forget How Good Breathing Makes Us Feel “ In addition to being aware of the hedonic treadmill, we should also be wary of the satisf"
"Two Influential Studies, 23.5 Hours, and My Favorite Story","Mon, 20 Oct 2025 10:28:00 +0000",publish,/blog/two-influential-studies-235-hours-and-my-favorite-story,Personal and newsletter style,"Reading Time: 1 min 41 sec I hope the next 20-ish breaths are the most nourishing of your day. 4 THOUGHTS 1. Two Separate Studies, Two Similar Outcomes Two influential meta-analyses published two years apart showed that breathing interventions significantly lower stress & anxiety. The 2021 analysis "
"Two Simple Things, a Better Brain, and You Already Knew This, But…","Mon, 24 Jul 2023 10:28:00 +0000",publish,/blog/two-simple-things-a-better-brain-you-already-knew-this,Focus and performance,"Listen Instead of Reading If you enjoy listening, you can subscribe to the audio version on Spotify , Apple Podcasts , and Audible so you don’t even have to look at the email 😊 4 THOUGHTS 1. A Better Brain: Mindful Breathing Improves Cognition and Neural Efficiency “It is intriguing that a mental ex"
"Ujjayi isn’t Ocean, Well-Being, and Why You Should Teach “Brooklyn” Yoga","Mon, 20 Sep 2021 10:25:00 +0000",publish,/blog/ujjayi-brooklyn-yoga,Breathwork techniques and how-to,"Listen Instead of Reading This week, you’re going to learn: That Ujjayi and Ocean breathing are different, How to breathe for inflammation, and A story I listened and laughed at more times than I’m proud to admit… I hope you enjoy it! 4 Thoughts 1. Ujjayi vs. Ocean Breathing (turns out they’re diffe"
"The Breathing 411 - Understand This, and You Will Understand Breathing","Mon, 12 Oct 2020 10:30:00 +0000",publish,/blog/understand-breathing,Breathwork techniques and how-to,"Happy Monday. I hope you enjoy this edition with a cup of coffee : ) Enjoy 4 thoughts, 1 quote, and 1 answer (like "" Jeopardy "") related to breathing. 4 THOUGHTS 1. Understand This, and You Will Understand Breathing Breathing information is often contradictory: Wim Hof tells you to breathe more oxyg"
"Universal Stress Reduction, Feeling at Ease, and No Need to Worry","Mon, 12 Jan 2026 11:28:00 +0000",publish,/blog/universal-stress-reduction-feeling-at-ease-no-need-to-worry,Anxiety and stress,"Reading Time: 1 min 36 sec I hope the next 19-ish breaths are the most nourishing of your day. 4 THOUGHTS 1. A Universal Way to Reduce Any Stress Reaction “Every time you breathe out, your heartbeat slows a little. Exhaling taps the brakes on your fight-or-flight response so that your heart rate can"
"An Unexpected Truth, 22 One-Sentence Ideas, and the Best Part of Breathing","Mon, 03 Jan 2022 11:25:00 +0000",publish,/blog/use-heart-22-one,Breathwork techniques and how-to,"Get This In Your Inbox Every Monday Email Address Sign Up We respect your privacy. Thank you! 🎧 Listen Instead of Reading 🎧 If you enjoy listening, you can subscribe to the audio version on Spotify , Apple Podcasts , and Audible so you don’t even have to look at the email 😊 4 Thoughts 1. 22 One-Sent"
Use it or Lose it + Eating and Breathing,"Mon, 09 Nov 2020 11:30:00 +0000",publish,/blog/use-it-or-lose-it,Breathwork techniques and how-to,"Happy Monday! I hope you all have a great week ahead. Here are 4 thoughts, 1 quote, and 1 answer for you to consider this week. 4 THOUGHTS 1. The Nose: Use it or Lose it "" Machines: use it and lose it; organisms: use it or lose it. "" - Frano Barovic, Antifragile I had to get a new computer recently."
"Vagal Tone, Perfect Advice, and How to Experience More Joy","Mon, 08 Aug 2022 10:24:00 +0000",publish,/blog/vagal-tone-perfect-advice,Breathwork techniques and how-to,"Listen Instead of Reading If you enjoy listening, you can subscribe to the audio version on Spotify , Apple Podcasts , and Audible so you don’t even have to look at the email 😊 Get this in your inbox every Monday at 6:30 a.m. Eastern. Email Address Sign Up We respect your privacy. Thank you! 4 Thoug"
"Values and Goals, Diverse Tactics, and 3 Shared Benefits of 15 Studies","Mon, 25 Apr 2022 10:25:00 +0000",publish,/blog/values-goals-methods,Breathwork techniques and how-to,"🎧 Listen Instead of Reading 🎧 If you enjoy listening, you can subscribe to the audio version on Spotify , Apple Podcasts , and Audible so you don’t even have to look at the email 😊 Get this in your inbox every Monday at 6:30 a.m. Eastern. Email Address Sign Up We respect your privacy. Thank you! 4 T"
"Easy &amp; Natural Resistance Breathing, Flow, and How to Fall Back Asleep","Mon, 05 Sep 2022 10:24:00 +0000",publish,/blog/water-resistance-counting,Breathwork techniques and how-to,"Listen Instead of Reading If you enjoy listening, you can subscribe to the audio version on Spotify , Apple Podcasts , and Audible so you don’t even have to look at the email 😊 Get this in your inbox every Monday at 6:30 a.m. Eastern. Email Address Sign Up We respect your privacy. Thank you! 4 Thoug"
"When Laughter Occurs, Choosing Joy, and a New Favorite Passage","Mon, 23 Oct 2023 10:28:00 +0000",publish,/blog/when-laughter-occurs-choosing-joy-a-new-favorite-passage,Contemplative practice and mindfulness,"Listen Instead of Reading If you enjoy listening, you can subscribe to the audio version on Spotify , Apple Podcasts , and Audible so you don’t even have to look at the email 😊 Reading Time: 2 min 19 sec I hope the next 35ish breaths are the most nourishing of your day. 4 THOUGHTS 1. This May Be My "
"Wim Hof vs. Slow Breathing, and How to Start Something Meaningful","Mon, 17 Jan 2022 11:25:00 +0000",publish,/blog/whm-hrvb-meaningful,Breathwork techniques and how-to,"Get This In Your Inbox Every Monday Email Address Sign Up We respect your privacy. Thank you! 🎧 Listen Instead of Reading 🎧 If you enjoy listening, you can subscribe to the audio version on Spotify , Apple Podcasts , and Audible so you don’t even have to look at the email 😊 4 Thoughts 1. How to Star"
"Wim Hof in One Sentence, and A Calming Breath","Mon, 18 Jan 2021 11:30:00 +0000",publish,/blog/whm-one-sentence-411,Breathwork techniques and how-to,"Greetings everyone, Here are four thoughts, one quote, and one answer for you to ponder this week. Enjoy! 4 THOUGHTS 1. 20 One-Sentence Thoughts on the Wim Hof Method "" Wim Hof breathing doesn’t help with the cold; your belief that it helps with the cold is what helps with the cold. "" The Wim Hof Me"
"Wim Hof vs. Slow Breathing, Part 2: The Famous Endotoxin Challenge","Mon, 24 Jan 2022 11:25:00 +0000",publish,/blog/whm-slow-part2,Breathwork techniques and how-to,"🎧 Listen Instead of Reading 🎧 If you enjoy listening, you can subscribe to the audio version on Spotify , Apple Podcasts , and Audible so you don’t even have to look at the email 😊 Get this in your inbox every Monday at 6:30 a.m. Eastern. Email Address Sign Up We respect your privacy. Thank you! 4 T"
"Whole-Brain Breathing, Nexus Point, and Life is Far Too Important","Mon, 25 Nov 2024 11:28:00 +0000",publish,/blog/whole-brain-breathing-nexus-point-life-is-far-too-important,Breathwork techniques and how-to,"Listen Instead of Reading If you enjoy listening, you can subscribe to the audio version on Spotify , Apple Podcasts , and Audible so you don’t even have to look at the email 😊 Enjoy These Posts? Donate to support this newsletter & podcast. Reading Time: 1 min 46 sec I hope the next 21’ish breaths a"
"Yogic Wisdom, Start with the Breath, and Will Smith’s 60/40 Rule","Mon, 22 Nov 2021 11:25:00 +0000",publish,/blog/why-we-start-with-breath,Breathwork techniques and how-to,Listen Instead of Reading 4 Thoughts 1. Start with the Breath (scientists agree) “ They [breathing patterns] thereby constitute an easy but potent avenue to manipulate the whole physiological state of the organism. ” - Respiratory Feedback in the Generation of Emotion Want to potently “ manipulate t
"Why We Suffer, Power of Humming, and a Celebration of Life","Mon, 04 Mar 2024 11:28:00 +0000",publish,/blog/why-we-suffer-power-of-humming-celebration-of-life,Contemplative practice and mindfulness,"Listen Instead of Reading If you enjoy listening, you can subscribe to the audio version on Spotify , Apple Podcasts , and Audible so you don’t even have to look at the email 😊 Enjoy These Posts? Donate to support my research. Reading Time: 1 min 49 sec I hope the next 27’ish breaths are the most no"
"Why We Want High HRV, Monk Brains, and How to Make Decisions","Mon, 05 Jan 2026 11:28:00 +0000",publish,/blog/why-we-want-high-hrv-monk-brains-how-to-make-decisions,Breathwork techniques and how-to,"Reading Time: 2 min 0 sec I hope the next 24-ish breaths are the most nourishing of your day. 4 THOUGHTS 1. Why We Want High HRV (and how to get it) “High heart rate variability is associated with smooth, efficient prefrontal cortex activity and executive-function tasks including working memory and "
"One Minute Stress Relief, Taste the Soup, and Positive Feelings","Mon, 21 Nov 2022 11:24:00 +0000",publish,/blog/wim-1-min-soup,Anxiety and stress,"Listen Instead of Reading If you enjoy listening, you can subscribe to the audio version on Spotify , Apple Podcasts , and Audible so you don’t even have to look at the email 😊 Get this in your inbox every Monday at 6:30 a.m. Eastern. Email Address Sign Up We respect your privacy. Thank you! 4 Thoug"
Wim Hof &amp; Diabetes: A Complete Guide to the Benefits and 5 Real Dangers,"Sat, 28 May 2022 19:18:14 +0000",publish,/blog/wim-hof-diabetes,Diabetes and metabolic health,"The Wim Hof Breathing Method (WHM) is used by millions of people worldwide. And if you search around, you’ll find some hefty claims, along with some inspiring success stories. It seems to help with just about everything. But what about diabetes? As a type-1 diabetic, a researcher, and an intermitten"
"Patch Your Breath, and Wim Hof’s Slow Breathing Method?","Mon, 07 Dec 2020 11:30:00 +0000",publish,/blog/wim-hof-slow-breathing,Breathwork techniques and how-to,"Happy Monday, and welcome back to another issue of The Breathing 411. Here are four thoughts, one quote, and one answer for you to reflect on this week. 4 THOUGHTS 1. Instead of a Bigger Engine, Patch the Hole in Your Boat If you have a hole in your boat, a bigger engine or better fuel might keep yo"
"Wim Hof &amp; the Ocean, Presencing, and a Long, Good Life","Mon, 14 Nov 2022 11:24:00 +0000",publish,/blog/wim-ocean-presencing,Breathwork techniques and how-to,"Listen Instead of Reading If you enjoy listening, you can subscribe to the audio version on Spotify , Apple Podcasts , and Audible so you don’t even have to look at the email 😊 Get this in your inbox every Monday at 6:30 a.m. Eastern. Email Address Sign Up We respect your privacy. Thank you! 4 Thoug"
"Yoga vs. Prozac, Deep Insight, and 4 Breaths for a Better Heart","Mon, 27 Jun 2022 10:25:00 +0000",publish,/blog/yoga-prozac-heart,Breathwork techniques and how-to,"Listen Instead of Reading If you enjoy listening, you can subscribe to the audio version on Spotify , Apple Podcasts , and Audible so you don’t even have to look at the email 😊 Get this in your inbox every Monday at 6:30 a.m. Eastern. Email Address Sign Up We respect your privacy. Thank you! 4 Thoug"
"You Can Do This Today, a New 2025 Study, and Positive Reinforcement","Mon, 04 Aug 2025 10:28:00 +0000",publish,/blog/you-can-do-this-today-a-new-2025-study-and-positive-reinforcement,Science 411 study breakdowns,"Reading Time: 1 min 58 sec I hope the next 24’ish breaths are the most nourishing of your day. 4 THOUGHTS 1. Something You Can Do Today (that may really help) A 2025 study published in Nature Scientific Reports found that just 30 seconds of slow breathing (6-second inhale, 6-second exhale) reduced h"
"Your Quiet Center, Being Better, and the Great Secret of Long Life","Mon, 07 Apr 2025 10:28:00 +0000",publish,/blog/your-quiet-center-being-better-and-the-great-secret-of-long-life,Contemplative practice and mindfulness,"Reading Time: 2 min 5 sec I hope the next 25’ish breaths are the most nourishing of your day. 4 THOUGHTS 1. Aligning with Your Quiet, Still Center “Approached consciously and with awareness, your breath also helps you relax, release stress, and align yourself with your quiet, still center. You can b"
"Intermittent hypoxia is beneficial in sedentary, non-athletic, and clinical populations","Wed, 14 Aug 2019 23:09:00 +0000",publish,/science-library/2019/8/14/intermittent-hypoxia-is-beneficial-in-sedentary-non-athletic-and-clinical-populations,Science 411 study breakdowns,"Key Points Intermittent hypoxia improves cardio-autonomic function and exercise tolerance There are several ways to achieve intermittent hypoxia and receive benefits, including prolonged hypoxic exposure, intermittent hypoxic exposure, and intermittent hypoxic training Intermittent hypoxia is benefi"
How Breathing Regulates the Cardiovascular System and Improves Chemosensitivity,"Thu, 04 Jun 2020 08:59:48 +0000",publish,/science-library/bernardi-et-al-2001a,Breathwork techniques and how-to,Key Points Breathing modulates the cardiovascular system through respiratory sinus arrhythmia Slow breathing reduces chemosensitivity to high carbon dioxide and low oxygen Controlled breathing could be a beneficial intervention in different pathological states The Breathing Diabetic Summary How does
Slow breathing improves autonomic function in type 1 diabetics,"Sat, 01 Dec 2018 10:09:00 +0000",publish,/science-library/bernardi-et-al-2017,Breathwork techniques and how-to,"Key Points Slow breathing increased autonomic function, arterial function, and blood oxygen saturation in type 1 diabetic patients Slow breathing stimulates the parasympathetic nervous system and suppresses the sympathetic nervous system, providing an antioxidant effect “Slow breathing could be a si"
Treat &amp; reverse the root cause of diabetic complications (tissue hypoxia) with slow breathing,"Sun, 26 May 2019 22:54:00 +0000",publish,/science-library/bianchi-et-al-2017,Breathwork techniques and how-to,"Key Points Type-1 diabetics exhibit lower resting oxygen saturation, lower cardiovascular control, reduced hypoxic chemoreflexes, and enhanced hypercapnic chemoreflexes The root cause of these problems is resting tissue hypoxia, which causes over-activation of the sympathetic nervous system and auto"
Evidence of Systemic Transport and Delivery of Inhaled Nitric Oxide,"Sat, 05 Dec 2020 11:59:03 +0000",publish,/science-library/cannon-et-al-2001,Breathwork techniques and how-to,"Key Points Inhaled nitric oxide (NO) is traditionally thought to only have local effects in the upper airways and lungs. However, this study found that inhaled NO can improve blood flow in distant regions when endothelial NO is suppressed. The measurements were consistent with systemic transport and"
Yoga breathing program significantly reduces PTSD in Australian Vietnam veterans,"Tue, 19 Nov 2019 10:20:47 +0000",publish,/science-library/carter-et-al-2013,Breathwork techniques and how-to,Key Points A 6-month yoga-breathing program (SKY) significantly reduced PTSD as assessed by the CAPS score Yoga breathing could be a valuable complementary therapy for the treatment of PTSD The Breathing Diabetic Summary It is estimated that ~7-8% of the U.S. population will have post-traumatic stre
Meta-Analysis: Slow Breathing Reduces Systolic Blood Pressure by 5.62 mmHg,"Mon, 04 May 2020 22:55:04 +0000",publish,/science-library/chaddha-et-al-2019,Breathwork techniques and how-to,Key Points Diabetics are at an increased risk of hypertension and its negative cardiovascular outcomes Slow breathing reduces systolic blood pressure by 5.62 mmHg and diastolic blood pressure by 2.67 mmHg Slow breathing is a simple way to reduce blood pressure and potentially improve cardiovascular 
Diaphragmatic breathing improves subjective and physiological indicators of anxiety,"Sun, 29 Sep 2019 09:30:00 +0000",publish,/science-library/chen-et-al-2017,Breathwork techniques and how-to,"Key Points Diaphragmatic breathing reduces anxiety as measured on the Beck Anxiety Inventory Diaphragmatic breathing reduces physiological indicators of anxiety, including breathing rate, heart rate, and skin conductance The Breathing Diabetic Summary We’ve all been told to just “ take a deep breath"
The Importance of Carbon Dioxide for Sleep-Disordered Breathing,"Sun, 22 Mar 2020 14:26:10 +0000",publish,/science-library/dempsey-et-al-1997,Breathwork techniques and how-to,"Key Points Sleep-disordered breathing is common, even among healthy individuals The normal inputs to and reflexes of the respiratory system are dampened during sleep Added carbon dioxide (CO2) might be the best treatment for sleep-disordered breathing The Breathing Diabetic Summary Sleep-disordered "
Your breathing is shallow and irregular for 1/3 of your life,"Wed, 27 Nov 2019 10:14:50 +0000",publish,/science-library/douglas-1982,Breathwork techniques and how-to,"Key Points Breathing volume decreases between 6% and 16% during sleep Breathing is shallow and irregular during sleep We experience relative hypoxia and hypercapnia during sleep The Breathing Diabetic Summary To understand sleep-related breathing disorders, we first have to understand normal breathi"
Our somewhat unusual breathing patterns during sleep,"Tue, 12 Nov 2019 10:18:15 +0000",publish,/science-library/douglas-1984,Breathwork techniques and how-to,"Key Points Breathing volume is reduced by as much as 16% during sleep Breathing rate is variable during sleep, especially in REM Hypoxic and hypercapnic responses are reduced by as much as 66% during sleep The Breathing Diabetic Summary We spend approximately 1/3 of our life sleeping. And although s"
A Concise Review of Inhaled Nitric Oxide’s Systemic Impacts,"Thu, 10 Dec 2020 00:20:08 +0000",publish,/science-library/gaston-2006,Breathwork techniques and how-to,"Key Points The classical viewpoint that inhaled nitric oxide (NO) only has local effects cannot explain observations. For example, inhaled NO has many systemic effects, including the ability to selectively increase blood flow where it is needed most. SNO-Hb might be the likely candidate for how inha"
Hypoxia has positive impacts on insulin and blood glucose levels while also increasing energy expenditure,"Mon, 07 Jan 2019 00:50:00 +0000",publish,/science-library/hobbins-et-al-2017,Diabetes and metabolic health,Key Points Hypoxia positively impacts insulin and blood glucose while also increasing energy use Hypoxia and exercise combined reduce weight and blood pressure in obese patients The positive effects of hypoxia are dose-dependent Breathing Blueprint Summary I love review studies because they save us 
How Slow Deep Breathing Results in Positive Emotions and More Creativity,"Sun, 31 Oct 2021 10:58:04 +0000",publish,/science-library/jerath-et-al-2015,Breathwork techniques and how-to,"Key Points Dominance of the calming parasympathetic nervous system is associated with positive emotions and can be evoked through slow breathing. Slow breathing leads to “hyperpolarization,” which literally makes neurons less excitable. Slow breathing reduces activity in the amygdala, which increase"
2020 Meta-Analysis: Slow Breathing Improves A Variety of Behavioral and Physiological Outcomes,"Mon, 10 May 2021 10:24:00 +0000",publish,/science-library/lehrer-et-al-2020,Breathwork techniques and how-to,"Key Points Across 58 studies and 2,485 patients, heart rate variability biofeedback (HRVB) and slow breathing improve a wide range of behavioral and physiological outcomes. These methods provide a simple, safe, and effective complementary therapy that could be useful in a wide variety of settings. S"
Intermittent hypoxia increases brain blood flow by 20%,"Fri, 20 Sep 2019 23:37:00 +0000",publish,/science-library/liu-et-al-2017,Focus and performance,"Key Points Intermittent hypoxia (IH) increases brain blood flow, even with low CO2 IH increases fractional oxygen extraction in the brain IH might be a useful before a workout, competition, or presentation to increase brain blood flow and focus The Breathing Diabetic Summary Your brain consumes almo"
Nitric Oxide Might Outweigh All Other Benefits of Nose Breathing,"Tue, 14 Jan 2020 09:48:28 +0000",publish,/science-library/lundberg-and-weitzberg-1999,Breathwork techniques and how-to,"Key Points ﻿ Nasal nitric oxide (NO) acts as our body’s first line of defense against airborne pathogens Nasal NO reduces blood pressure, redistributes blood flow, and increases gas exchange The humidifying effects of the nose might not be as important as NO The Breathing Diabetic Summary Nitric oxi"
A Review of Nasal Nitric Oxide's Powerful Effects,"Fri, 03 Apr 2020 08:34:51 +0000",publish,/science-library/maniscalco-et-al-2016,Breathwork techniques and how-to,Key Points Nasal nitric oxide (NO) acts as our first line of defense against airborne pathogens by sterilizing incoming air and enhancing cilia movement Nasal NO plays a role in warming the air we breathe as it travels into the lungs Humming significantly increases nasal NO and could be used as a te
Intermittent hypoxia increases production and storage of nitric oxide,"Tue, 20 Aug 2019 23:15:00 +0000",publish,/science-library/manukhina-et-al-1999,Breathwork techniques and how-to,"Key Points Adaptation to hypoxia significantly increases production & storage of nitric oxide Production and storage are balanced to ensure blood pressure remains normal and nitric oxide reserves are available if needed Breathing Blueprint Summary In 2015, a pivotal paper was published showing that "
The protective role of nitric oxide during adaptation to hypoxia,"Sat, 07 Sep 2019 23:08:00 +0000",publish,/science-library/manukhina-et-al-2000,Breathwork techniques and how-to,"Key Points Adaptation to hypoxia increases NO production and storage Simultaneously, adaptation to hypoxia protects against NO over- and under-production Breathing Blueprint Summary A paper we recently reviewed found that the production and storage of nitric oxide (NO) increases significantly during"
Slow Breathing at Six Breaths per Minute Improves Baroreflex Sensitivity and Reduces Blood Pressure,"Thu, 23 Apr 2020 08:58:12 +0000",publish,/science-library/mason-et-al-2013,Breathwork techniques and how-to,"Key Points Slow breathing improves baroreflex sensitivity, reduces blood pressure, and potentially reduces chemosensitivity Slow breathing with ujjayi is not as effective as slow breathing alone in untrained practitioners Choose an inhale-to-exhale ratio that is comfortable for you when practicing s"
"Controlled breathing lowers sympathetic activity, even when performed at a relatively fast pace","Wed, 09 Jan 2019 17:39:00 +0000",publish,/science-library/mcclain-et-al-2017,Breathwork techniques and how-to,"Key Points Controlled breathing reduces sympathetic activity, even when performed at a relatively fast pace The reduction in sympathetic activity might be due to increased focus or increased tidal volume The Breathing Diabetic Summary Several studies have shown the positive effects of slow, controll"
Breathing becomes shallower and lighter when falling asleep,"Sun, 22 Dec 2019 09:42:32 +0000",publish,/science-library/naifeh-and-kamiya-1981,Breathwork techniques and how-to,"Key Points ﻿ CO2 increases significantly prior to or simultaneously with sleep onset Breathing becomes shallower with sleep onset Breathing rate does not change with sleep onset The Breathing Diabetic Summary ﻿ We have reviewed several studies on sleep and breathing ( here , here , and here ). Howev"
Breathe slowly (and pause) to improve heart rate variability,"Thu, 28 Feb 2019 18:12:00 +0000",publish,/science-library/russell-et-al-2017,Breathwork techniques and how-to,Key Points Slow breathing at ~6 breaths/min increases heart rate variability (HRV) Including a post-exhalation pause enhances relaxation and makes it easier to breathe slowly A post-exhalation pause also enhances some HRV parameters more than continuous breathing The Breathing Diabetic Summary We do
Low Heart Rate Variability is linked to Enhanced Stress Response in PTSD,"Sun, 08 Dec 2019 00:05:15 +0000",publish,/science-library/sack-et-al-2004,Nervous system science,"Key Points PTSD patients have an elevated and prolonged stress response Low baseline HRV is associated with an enhanced stress response in PTSD Low parasympathetic tone might cause the heightened stress response in PTSD The Breathing Diabetic Summary In post-traumatic stress disorder (PTSD), physiol"
Nasal Nitric Oxide: Nature’s Answer to Gravity?,"Sat, 28 Dec 2019 18:41:28 +0000",publish,/science-library/sanchez-crespo-et-al-2010,Breathwork techniques and how-to,Key Points ﻿Nitric oxide redistributes blood flow in the lungs to be more uniform Nitric oxide increases gas exchange in the lungs Nasal nitric oxide might be an evolutionary adaptation to counter gravity The Breathing Diabetic Summary Blood flow in the lungs is essential for gas exchange and defens
A Breakthrough in Respiratory Physiology: Inhaled Nitric Oxide Transported as SNO-Hb,"Sat, 26 Dec 2020 15:55:17 +0000",publish,/science-library/tonelli-et-al-2019,Breathwork techniques and how-to,"Key Points Inhaled nitric oxide (NO) increases circulating levels of SNO-Hb, a bioactive form of NO Inhaled NO also increases circulating levels of nitrite, another NO metabolite The lungs might act as a reservoir of SNO-Hb, releasing it into circulation as needed The Breathing Diabetic Summary Inha"
Slow breathing improves blood sugar by reducing body’s endogenous production of glucose,"Wed, 15 May 2019 14:30:00 +0000",publish,/science-library/wilson-et-al-2017,Diabetes and metabolic health,Key Points Slow breathing lowers blood sugar by reducing the liver’s production of glucose Slow breathing increases insulin sensitivity Slow breathing might be a no-cost beneficial intervention for diabetics Breathing Blueprint Summary This is a follow on to the previous Wilson et al. (2013) paper t
Nasal Airflow Activates Broad Regions of the Olfactory Bulb,"Sun, 08 Mar 2020 16:34:01 +0000",publish,/science-library/wu-et-al-2017,Breathwork techniques and how-to,"Key Points﻿ Nasal breathing information is “encoded” by olfactory sensory neurons in the olfactory bulb Breathing activates broad regions of the olfactory bulb, with the intensity changing as total breathing volume changes The neural activity stimulated by nasal breathing helps explain how breathing"
Breathing center in brain has powerful effects on higher-order brain functions,"Tue, 11 Dec 2018 17:14:00 +0000",publish,/science-library/yackle-et-al-2017,Breathwork techniques and how-to,"Key Points The breathing center in the brain has a powerful effect on higher-order brain functions Slow and regular breathing promotes calmness, where as rapid breathing promotes arousal The Breathing Diabetic Summary Anytime a study gets featured in Science , we know it’s time to sit up straight an"
How slow breathing improves physiological and psychological well-being (hint: it might be in your nose),"Sun, 06 Oct 2019 18:33:56 +0000",publish,/science-library/zaccaro-et-al-2018,Breathwork techniques and how-to,"Key Points Slow breathing increases heart rate variability, respiratory sinus arrhythmia, and alpha brain wave activity These physiological changes lead to improved behavioral outcomes The nose links slow breathing to these positive physiological and psychological outcomes The Breathing Diabetic Sum"
Nasal breathing synchronizes brain wave activity and improves cognitive function,"Fri, 01 Nov 2019 09:20:16 +0000",publish,/science-library/zelano-et-al-2016,Breathwork techniques and how-to,"Key Points Nasal breathing synchronizes brain wave oscillations in the piriform cortex, amygdala, and hippocampus Nasal breathing improves cognitive function when compared to mouth breathing Breathing affects emotional and mental state, shifting the paradigm for why we breathe The Breathing Diabetic"
"10 Fun Thoughts, Meditation in a Bottle, and Whole-Life Slow Breathing","Mon, 10 Jul 2023 10:20:00 +0000",publish,/the-breathing-411/10-fun-thoughts-meditation-bottle-whole-life-slow-breathing,Breathwork techniques and how-to,
"10 Percent More, Rich Inner Core, and My Kind of Equanimity","Mon, 12 Dec 2022 11:20:00 +0000",publish,/the-breathing-411/10-percent-equanimity,Other,
"Heart and Breath, plus the Best Breathing (and life) Advice I’ve Read","Mon, 14 Feb 2022 11:20:00 +0000",publish,/the-breathing-411/2022/2/12/heart-and-breath-plus-the-best-breathing-and-life-advice-ive-read,Breathwork techniques and how-to,
"How to Use Less, Accomplish More, and Feel More Cognitive Power","Mon, 04 Apr 2022 10:20:00 +0000",publish,/the-breathing-411/2022/4/4/how-to-use-less-accomplish-more-and-feel-more-cognitive-power,Focus and performance,
"24 Ideas, Favorite Books of 2023, and the Secret to Healing","Mon, 01 Jan 2024 11:20:00 +0000",publish,/the-breathing-411/24-ideas-best-books-of-2023-the-secret-to-healing,Other,
"Catch &amp; Shoot, 20 or 50 Years, and Slow Breathing Doesn’t Work Now","Mon, 08 Jan 2024 11:20:00 +0000",publish,/the-breathing-411/24-ideas-best-books-of-2023-the-secret-to-healing-e38mk,Breathwork techniques and how-to,
"3 Healing Breaths, a Celebration, and a Thought Experiment","Mon, 19 Dec 2022 11:20:00 +0000",publish,/the-breathing-411/3-healing-breaths-thought-experiment,Breathwork techniques and how-to,
"3 Simple Lessons, Why We Practice, and the Most Important Determinant","Mon, 02 Oct 2023 10:20:00 +0000",publish,/the-breathing-411/3-lessons-why-we-practice-most-important-determinant,Other,
"30 Seconds, Wim Hof Wisdom, and 23 One-Sentence Breathing Ideas","Mon, 02 Jan 2023 11:20:00 +0000",publish,/the-breathing-411/30-seconds-wim-hof-wisdom,Breathwork techniques and how-to,
"Wim Hof vs. Wim Hof, the Three P's, and Breathing like Journalists","Mon, 31 Jan 2022 11:15:00 +0000",publish,/the-breathing-411/3ps-whm-vs-whm,Breathwork techniques and how-to,
"4 Lessons in 4 Years, Behind the Scenes, and Establishing Inner Calm","Mon, 30 Jan 2023 11:20:00 +0000",publish,/the-breathing-411/4-lessons-inner-calm,Anxiety and stress,
"Four Qualities to Develop, and Why Breathing Might Be a Panacea","Mon, 17 Oct 2022 10:20:00 +0000",publish,/the-breathing-411/4-qualities-panacea,Breathwork techniques and how-to,
"4 Thoughts, Reaching Blissful States, and Breathing and Brain Health","Mon, 26 Jun 2023 10:20:00 +0000",publish,/the-breathing-411/4-thoughts-blissful-states-breathing-brain-health,Breathwork techniques and how-to,
"4 Tiny Thoughts, 3 Ways to Success, and What the Buddha Lost","Mon, 01 Apr 2024 10:20:00 +0000",publish,/the-breathing-411/4-tiny-thoughts-3-ways-to-success-what-the-buddha-lost,Other,
"5 Great Apps, Less Work, and a Simple Way to Laugh More","Mon, 24 Apr 2023 10:20:00 +0000",publish,/the-breathing-411/5-apps-less-work-laugh-more,Other,
"Free 5-day Course, an Inspiring Study, and the Heart of Life","Mon, 06 Feb 2023 11:20:00 +0000",publish,/the-breathing-411/5-day-yoga-breathing-heart,Science 411 study breakdowns,
"A 10-15-75 Formula, Laughter, and a Menu of Mind-Body Benefits","Mon, 04 Nov 2024 11:15:00 +0000",publish,/the-breathing-411/a-10-15-75-formula-laughter-menu-of-benefits,Other,
"A Clearer Life, Quiet Joy, and 3 Random Thoughts","Mon, 07 Oct 2024 10:15:00 +0000",publish,/the-breathing-411/a-clearer-life-quiet-joy-3-random-thoughts,Other,
"A Fulfilling Life, How to End, and How to Meditate without Meditating","Mon, 19 Feb 2024 11:20:00 +0000",publish,/the-breathing-411/a-fulfilling-life-how-to-end-how-to-meditate-without-meditating,Breathwork techniques and how-to,
"A Helpful Breathing Tip, Two Ways, and How to Build a Stronger Mind","Mon, 17 Jul 2023 10:20:00 +0000",publish,/the-breathing-411/a-helpful-breathing-tip-two-ways-how-to-build-a-stronger-mind,Breathwork techniques and how-to,
"After 8 Years, How to Be Like Water, and Our Body’s Love Language","Mon, 23 Dec 2024 11:15:00 +0000",publish,/the-breathing-411/after-8-years-how-to-be-like-water-our-bodys-love-language,Breathwork techniques and how-to,
"Aging, Wonderful Outcomes, and the Secret of an Unhurried Mind","Mon, 11 Mar 2024 10:20:00 +0000",publish,/the-breathing-411/aging-wonderful-outcomes-secret-of-an-unhurried-mind,Other,
"All 3 at Once, Laughing Monks, and Naturally Arising Compassion","Mon, 29 May 2023 10:20:00 +0000",publish,/the-breathing-411/all-3-at-once-laughing-monks-naturally-arising-compassion,Other,
"Alzheimer’s, Nose vs. Mouth, and How to Find the Perfect Practice","Mon, 15 May 2023 10:20:00 +0000",publish,/the-breathing-411/alzheimers-nose-mouth-how-to-find-the-perfect-practice,Breathwork techniques and how-to,
"Is this Amazing or Dangerous, Longevity, and How to Create More Time","Mon, 04 Sep 2023 10:20:00 +0000",publish,/the-breathing-411/amazing-or-dangerous-longevity-how-to-create-more-time,Breathwork techniques and how-to,
"Alternate Nostril Breathing, 70% Exhales, and How to be ""Happy Right Away""","Mon, 29 Nov 2021 11:30:00 +0000",publish,/the-breathing-411/anb-70-percent,Breathwork techniques and how-to,
"Neat Breath Science, 3 Sentences to Live By, and it is a Panacea","Mon, 05 Dec 2022 11:20:00 +0000",publish,/the-breathing-411/antioxidant-panacea-3-sentences,Breathwork techniques and how-to,
"Better Attention, Lasting Joy, and How to Age Successfully (in 5 min)","Mon, 09 May 2022 10:20:00 +0000",publish,/the-breathing-411/attention-joy-aging,Focus and performance,
"Become More You, Deep Changes, and Benefiting Those We Encounter","Mon, 22 Jul 2024 10:20:00 +0000",publish,/the-breathing-411/become-more-you-deep-changes-benefiting-those-we-encounter,Other,
"The Best Morning Breathing Exercise, Air Candy, and Greater Calmness","Mon, 08 May 2023 10:20:00 +0000",publish,/the-breathing-411/best-morning-breathing-air-candy-calmness,Breathwork techniques and how-to,
"Best Place to Start, Self-Regulation, and How to Move Forward","Mon, 14 Oct 2024 10:15:00 +0000",publish,/the-breathing-411/best-place-to-start-self-regulation-how-to-move-forward,Breathwork techniques and how-to,
"Better Learning, Life's Lifeline, and How We Breathe is Who We Are","Mon, 03 Jul 2023 10:20:00 +0000",publish,/the-breathing-411/better-learning-life-lifeline-how-we-breathe-is-who-we-are,Breathwork techniques and how-to,
"Better Mental Health, Letting Go with Gratitude, and Is This Healing?","Mon, 31 Jul 2023 10:20:00 +0000",publish,/the-breathing-411/better-mental-health-letting-go-gratitude-healing,Focus and performance,
"Better Results, Seeds of Joy, and What it Truly Means to be Alive","Mon, 18 Mar 2024 10:20:00 +0000",publish,/the-breathing-411/better-results-seeds-of-joy-what-it-truly-means-to-be-alive,Other,
"Beating Biases, a Simple Truth, and How to Engage in Meaningful Tasks","Mon, 16 May 2022 10:20:00 +0000",publish,/the-breathing-411/biases-meaningful-tasks,Breathwork techniques and how-to,
"My New Favorite Therapy, Self Love, and Your Breathing Headphones","Mon, 16 Jan 2023 11:20:00 +0000",publish,/the-breathing-411/bibliotherapy-love-relax,Breathwork techniques and how-to,
"Blue Mindfulness, Worry &amp; Hurry, and a Natural Way to the Heart","Mon, 24 Jun 2024 10:20:00 +0000",publish,/the-breathing-411/blue-mindfulness-worry-hurry-a-natural-way-to-the-heart,Anxiety and stress,
"Breath and Wine, Simplest Movement, and 4 Reminders on Connection","Mon, 26 Aug 2024 10:20:00 +0000",publish,/the-breathing-411/breath-and-wine-simplest-movement-4-reminders-on-connection,Breathwork techniques and how-to,
"Breath as Spirit, Body and Mind, and 2 Opposing Views on Overbreathing","Mon, 20 Dec 2021 11:20:00 +0000",publish,/the-breathing-411/breath-as-spirit-overbreathing,Breathwork techniques and how-to,
"Why Breath Control Matters, -148°F, and Engaging Fully in Life","Mon, 06 Mar 2023 11:20:00 +0000",publish,/the-breathing-411/breath-control-airways-engaging-fully,Breathwork techniques and how-to,
"Elevated Mood, Tremendous Breath Energy, and How to Move a Ship","Mon, 22 Aug 2022 10:20:00 +0000",publish,/the-breathing-411/breath-energy-unseen-wind,Breathwork techniques and how-to,
"Breath is Heart, How it Should Be, and the Breathing Benefits of Water","Mon, 03 Oct 2022 10:20:00 +0000",publish,/the-breathing-411/breath-heart-art-science,Breathwork techniques and how-to,
"Breath Learning, More Joy, and How to Change Our Reality","Mon, 19 Jun 2023 10:20:00 +0000",publish,/the-breathing-411/breath-learning-more-joy-how-to-change-our-reality,Breathwork techniques and how-to,
"Breath is Medicine, Slow Breathing in 223 Studies, and ""Yes, This Is It""","Mon, 18 Jul 2022 10:20:00 +0000",publish,/the-breathing-411/breath-medicine-meta-analysis,Breathwork techniques and how-to,
"25 Thoughtful Quotes on Breath &amp; Mind, and How to Make Meditation Fun","Mon, 07 Feb 2022 11:15:00 +0000",publish,/the-breathing-411/breath-mind-residue,Breathwork techniques and how-to,
"Breathing Guidelines, Free Sci 411, and How to Make Tomorrow Good","Mon, 03 Jun 2024 10:20:00 +0000",publish,/the-breathing-411/breathing-guidelines-free-sci-411-how-to-make-tomorrow-good,Breathwork techniques and how-to,
"Breathing Heals, Memory, and 4 Thoughts on Gratitude and Love","Mon, 22 Apr 2024 10:20:00 +0000",publish,/the-breathing-411/breathing-heals-memory-4-thoughts-on-gratitude-love,Breathwork techniques and how-to,
"5 Favorite Breathing Products, 4 Favorite Newsletters, and the Here and Now","Mon, 10 Apr 2023 10:20:00 +0000",publish,/the-breathing-411/breathing-products-newsletters-presence,Breathwork techniques and how-to,
"Learn Better, 4 Gifts, and How Breathing Can Actually Change the World","Mon, 11 Apr 2022 10:20:00 +0000",publish,/the-breathing-411/breathing-to-change-world,Breathwork techniques and how-to,
"Build-a-Breath, How to Work with Emotions, and Carrying Great Power","Mon, 13 Mar 2023 10:20:00 +0000",publish,/the-breathing-411/build-a-breath-great-power-mouth-tape,Breathwork techniques and how-to,
"""Promising Prospects in Chronic Diseases,"" plus My Top 3 Books of 2021","Mon, 27 Dec 2021 11:15:00 +0000",publish,/the-breathing-411/chronic-disease-books,Other,
"Clouds, Humming Under Water, and Two Practices for Today","Mon, 12 Feb 2024 11:20:00 +0000",publish,/the-breathing-411/clouds-humming-under-water-two-practices-for-today,Other,
"Common Breath Currency, 3 of the Best, and an Overlooked Exercise","Mon, 09 Dec 2024 11:15:00 +0000",publish,/the-breathing-411/common-breath-currency-3-of-the-best-overlooked-exercise,Breathwork techniques and how-to,
"Common Breath Currency, 3 of the Best, and an Overlooked Exercise (Copy)","Mon, 09 Dec 2024 11:15:00 +0000",draft,/the-breathing-411/common-breath-currency-3-of-the-best-overlooked-exercise-4hzb2,Breathwork techniques and how-to,
"Diverse Tactics (part 2), Less Relaxation, and How to Feel Confident","Mon, 02 May 2022 10:20:00 +0000",publish,/the-breathing-411/confidence-self-regulation,Breathwork techniques and how-to,
"Connection, a Wordless Mantra, and 4 Thoughts on Nose Breathing","Mon, 29 Apr 2024 10:20:00 +0000",publish,/the-breathing-411/connection-wordless-mantra-4-thoughts-nose-breathing,Breathwork techniques and how-to,
"Effortless Inhales, Deepak on Smiling, and Maybe Loud Breathing is OK?","Sat, 11 Dec 2021 16:36:18 +0000",publish,/the-breathing-411/effortless-loud-breathing,Breathwork techniques and how-to,
"Applied Elegance, a Gift of Breathing, and How to Practice Philosophy","Mon, 13 Jun 2022 10:20:00 +0000",publish,/the-breathing-411/elegance-philosophy,Breathwork techniques and how-to,
"Element of Choice, Less Effort, and Focus on Enjoyment for Better Results","Mon, 14 Aug 2023 10:20:00 +0000",publish,/the-breathing-411/element-of-choice-less-effort-enjoyment-better-results,Focus and performance,
"Eloquent Exhales, 3 Books, and Adding Sound for More Benefit","Mon, 12 Sep 2022 10:20:00 +0000",publish,/the-breathing-411/eloquent-exhales-water-sounds,Breathwork techniques and how-to,
"Emotional Balance, Why Mindfulness, and Moving Beyond a Calm Mind","Mon, 27 Mar 2023 10:20:00 +0000",publish,/the-breathing-411/emotional-balance-mindfulness-calm,Anxiety and stress,
"Effective Non-Breathing Tool, Equanimity, and an 8 Breath Protocol","Mon, 07 Nov 2022 11:20:00 +0000",publish,/the-breathing-411/equanimity-8-breaths,Breathwork techniques and how-to,
"Finding Answers Within, Tree Tops, and How to Breathe for Joy","Mon, 07 Aug 2023 10:28:00 +0000",publish,/the-breathing-411/finding-answers-within-tree-tops-how-to-breathe-for-joy,Breathwork techniques and how-to,
"Five Minutes, How to Heal the Mind, and 15 versus 300","Mon, 10 Jun 2024 10:20:00 +0000",publish,/the-breathing-411/five-minutes-how-to-heal-the-mind-15-versus-300,Breathwork techniques and how-to,
"Flourishing, Four (more) Reminders, and Get More Brain Power","Mon, 19 Aug 2024 10:20:00 +0000",publish,/the-breathing-411/flourishing-four-reminders-get-more-brain-power,Focus and performance,
"5 Breaths for Focus, Better Sleep, and Your Own Finely Crafted Program","Mon, 15 Aug 2022 10:20:00 +0000",publish,/the-breathing-411/focus-better-sleep,Sleep,
"Purely for Joy, Physics, and How to Overcome Obstacles","Mon, 28 Oct 2024 10:15:00 +0000",publish,/the-breathing-411/focus-on-joy-physics-how-to-overcome-obstacles,Breathwork techniques and how-to,
"Four Reminders, Alternate Nostril, and Tapping into the Life Force","Mon, 12 Aug 2024 10:20:00 +0000",publish,/the-breathing-411/four-reminders-alternate-nostril-tapping-into-life-force,Other,
"Free 5-Star Resort, Transferring Passion, and Breathing in the Rain","Mon, 27 Nov 2023 11:20:00 +0000",publish,/the-breathing-411/free-5-star-resort-transferring-passion-rainy-breath,Breathwork techniques and how-to,
"Cry More, Full Victory, and Three Gift Ideas for Breathers","Mon, 04 Dec 2023 11:20:00 +0000",publish,/the-breathing-411/free-5-star-resort-transferring-passion-rainy-breath-9gbcw,Breathwork techniques and how-to,
"Free OA App, 60 Seconds of Joy, and Breathing Improves Cognition","Mon, 20 Feb 2023 11:20:00 +0000",publish,/the-breathing-411/free-app-60-seconds-joy-cognition,Breathwork techniques and how-to,
3 Breaths Changed David Goggins’ Life (+ a free gift),"Mon, 26 Dec 2022 11:20:00 +0000",publish,/the-breathing-411/goggins-healing-power,Breathwork techniques and how-to,
"Going Inward, a New Practice, and Remembering Oneself","Mon, 29 Jul 2024 10:20:00 +0000",publish,/the-breathing-411/going-inward-a-new-practice-remembering-oneself,Other,
"Good Stress, Self Love, and Breathing for Happiness and Wisdom","Mon, 27 Feb 2023 11:20:00 +0000",publish,/the-breathing-411/good-stress-self-love-wisdom,Breathwork techniques and how-to,
"Gratitude Brain Change, 2 Quotes, and You Can Bring Retreat to You","Mon, 12 Jun 2023 10:20:00 +0000",publish,/the-breathing-411/gratitude-brain-change-2-quotes-bring-retreat-to-you,Focus and performance,
"Holotropic Breathing, a 6 bpm Prayer, and the Power of PNS","Mon, 28 Nov 2022 11:20:00 +0000",publish,/the-breathing-411/hail-mary-holotropic,Breathwork techniques and how-to,
"Head and Heart, Best Advice, and Why All Breathwork Works","Mon, 19 Sep 2022 10:20:00 +0000",publish,/the-breathing-411/head-heart-best-advice,Breathwork techniques and how-to,
"Health &amp; Happiness, and How to Align with Your Life Force","Mon, 18 Dec 2023 11:20:00 +0000",publish,/the-breathing-411/health-happiness-how-to-align-with-your-life-force,Breathwork techniques and how-to,
"Heart &amp; Breath Harmony, Hidden Life, and Two Places to Put Your Breath","Mon, 20 Jun 2022 10:20:00 +0000",publish,/the-breathing-411/heart-breath-hidden-life,Breathwork techniques and how-to,
"Heroes, the Healing Power of Breathing, and the Key to Living Longer","Mon, 30 Oct 2023 10:20:00 +0000",publish,/the-breathing-411/heroes-the-healing-power-of-breathing-key-living-longer,Breathwork techniques and how-to,
"HIIB?, a Trick for Being Present, and Becoming More Joyous","Mon, 28 Aug 2023 10:20:00 +0000",publish,/the-breathing-411/hiib-a-trick-for-present-becoming-more-joyous,Contemplative practice and mindfulness,
"How Breathing Heals, Life’s Storms, and the Power of Love","Mon, 25 Mar 2024 10:20:00 +0000",publish,/the-breathing-411/how-breathing-heals-lifes-storms-power-of-love,Breathwork techniques and how-to,
"How Gratitude Works, Fast Breathing, and Coming Home in a Loving Way","Mon, 21 Aug 2023 10:20:00 +0000",publish,/the-breathing-411/how-gratitude-works-fast-breathing-coming-home-loving-way,Breathwork techniques and how-to,
"How to Get True Health, Extended-Release Calm, and a New Personality","Mon, 26 Feb 2024 11:20:00 +0000",publish,/the-breathing-411/how-to-get-true-health-extended-release-calm-a-new-personality,Anxiety and stress,
"How to Actually Increase Well-Being, Waves, and the Power of Breathwalk","Mon, 06 Nov 2023 11:20:00 +0000",publish,/the-breathing-411/how-to-increase-well-being-waves-power-of-breathwalk,Breathwork techniques and how-to,
"How to Not Get Upset, Robust Science, and the Great Synchrony","Mon, 21 Oct 2024 10:15:00 +0000",publish,/the-breathing-411/how-to-not-get-upset-robust-science-the-great-synchrony,Breathwork techniques and how-to,
"How to Solve Complex Problems, Your Path, and Focusing on Joy","Mon, 03 Feb 2025 11:15:00 +0000",draft,/the-breathing-411/how-to-solve-complex-problems-your-path-focusing-on-joy,Focus and performance,Audio Block Double-click here to upload or link to a .mp3. Learn more
"How to Walk Farther, Mind Roots, and Breath &amp; Gratitude","Mon, 30 Sep 2024 10:15:00 +0000",publish,/the-breathing-411/how-to-walk-farther-mind-roots-and-breath-gratitude,Breathwork techniques and how-to,
"Humor, How to Live Well, and the First Step Toward Self-Regulation","Mon, 15 Jul 2024 10:20:00 +0000",publish,/the-breathing-411/humor-how-to-live-well-first-step-toward-self-regulation,Breathwork techniques and how-to,
"Inner Resources, Better Blood Flow, and How to Focus on a Fuller Life","Mon, 10 Jan 2022 11:15:00 +0000",publish,/the-breathing-411/inner-blood-flow,Focus and performance,
"Inspiration, Recharging Our Batteries, and How to Float Through Life","Mon, 13 Jan 2025 11:15:00 +0000",publish,/the-breathing-411/inspiration-recharging-our-batteries-how-to-float-through-life,Breathwork techniques and how-to,
"Intention, 25 Breath Ideas, and Sincere but Never Serious","Mon, 06 Jan 2025 11:15:00 +0000",publish,/the-breathing-411/intention-25-breath-ideas-sincere-but-never-serious,Breathwork techniques and how-to,
"How to Be Irreplaceable, Coffee or Breath, and the Most Important Study Yet","Mon, 23 Jan 2023 11:20:00 +0000",publish,/the-breathing-411/irreplaceable-coffee-breathwork,Breathwork techniques and how-to,
"It's Possible, Movement for Mindfulness, and Breath is Life","Mon, 02 Sep 2024 10:20:00 +0000",publish,/the-breathing-411/its-possible-movement-for-mindfulness-breath-is-life,Breathwork techniques and how-to,
"Laugh More, Buddha’s Breathwork, and How to Find Inner Silence","Mon, 18 Sep 2023 10:20:00 +0000",publish,/the-breathing-411/laugh-more-buddhas-breathwork-how-to-find-silence,Breathwork techniques and how-to,
"Learned Hope, Suffering vs. Peace, and a Perfect Quote on Breathwork","Mon, 25 Jul 2022 10:20:00 +0000",publish,/the-breathing-411/learned-hope-weil-quote,Breathwork techniques and how-to,
"Learning to Live, 3 Random Thoughts, and Going on an Internal Jog","Mon, 11 Nov 2024 11:15:00 +0000",publish,/the-breathing-411/learning-to-live-3-random-thoughts-going-on-an-internal-jog,Other,
"How to Let Go, Breathing for Better Emotions, and Loving Life","Mon, 20 Mar 2023 10:20:00 +0000",publish,/the-breathing-411/letting-go-better-emotions-loving-life,Breathwork techniques and how-to,
"Life Force in Action, 3 Studies, and the Power of Mind-Wandering","Mon, 23 May 2022 10:20:00 +0000",publish,/the-breathing-411/life-force-mind-wander,Other,
"Life, Humor, and a Great Truth You Should Know about Yourself","Mon, 11 Dec 2023 11:20:00 +0000",publish,/the-breathing-411/life-humor-a-great-truth-about-yourself,Other,
"How to (actually) Live Longer, Point A to B, and Breathing for Spirit","Mon, 24 Oct 2022 10:20:00 +0000",publish,/the-breathing-411/live-longer-point-a,Breathwork techniques and how-to,
"Living Better, Loving-Kindness, and 4 Reminders to Laugh","Mon, 15 Apr 2024 10:20:00 +0000",publish,/the-breathing-411/living-better-loving-kindness-4-reminders-to-laugh,Other,
"More Time, Long-Term Benefits, and How to Hold Your Breath for 6 Hours","Mon, 28 Mar 2022 10:20:00 +0000",publish,/the-breathing-411/long-term-6-hr-bh,Breathwork techniques and how-to,
"Breathing &amp; Love, Rising Above the Clouds, and 4 Years in 4 Points","Mon, 13 Dec 2021 11:30:00 +0000",publish,/the-breathing-411/love-rising-buddha,Breathwork techniques and how-to,
"Love, the Gift of Giving, and How Life Gets Measured","Mon, 25 Dec 2023 11:20:00 +0000",draft,/the-breathing-411/love-the-gift-of-giving-how-life-gets-measured,Other,Audio Block Double-click here to upload or link to a .mp3. Learn more
"More Loving Potential, Cold Showers, and the Healing Power of Mind","Mon, 09 Jan 2023 11:20:00 +0000",publish,/the-breathing-411/loving-potential-cold-mind,Other,
"An Incredible Study, Meaningful Change, and Gratitude Right Now","Mon, 20 Nov 2023 11:20:00 +0000",publish,/the-breathing-411/meaningful-change-incredible-study-gratitude-now,Science 411 study breakdowns,
"Mind-Body Unity, the Real Power of Breath, and a Beautiful Resilience","Mon, 09 Oct 2023 10:20:00 +0000",publish,/the-breathing-411/mind-body-unity-power-of-breath-beautiful-resilience,Breathwork techniques and how-to,
"3 Easy Mindful Breaths, Breathing's Version of AI, and 7/11 for 7/11","Mon, 11 Jul 2022 10:20:00 +0000",publish,/the-breathing-411/mindful-breathing-ai,Breathwork techniques and how-to,
"Mindful Sauna, Focus on You, and Singing for Better Breathing","Mon, 13 Nov 2023 11:20:00 +0000",publish,/the-breathing-411/mindful-sauna-focus-on-you-singing-better-breathing,Breathwork techniques and how-to,
"Mindful vs. Slow Breathing, and How to Know the Nature of All Beings","Mon, 25 Sep 2023 10:20:00 +0000",publish,/the-breathing-411/mindful-vs-slow-how-to-know-nature-of-all-beings,Breathwork techniques and how-to,
"More Alive, Surprising, and the Key to Lung Expansion (and a long life)","Mon, 05 Aug 2024 10:20:00 +0000",publish,/the-breathing-411/more-alive-surprising-lung-expansion-long-life,Other,
"More Joy, Long Beards, and Beating a New Type of Gravity","Mon, 01 May 2023 10:20:00 +0000",publish,/the-breathing-411/more-joy-long-beards-new-type-of-gravity,Other,
"One Breath, Three Components, and the Most Effective Stress Remedy","Mon, 17 Apr 2023 10:20:00 +0000",publish,/the-breathing-411/most-effective-stress-remedy-one-breath,Anxiety and stress,
"Therapeutic Mouth Breathing, Focus, and My Favorite Breathing Parable","Mon, 29 Aug 2022 10:20:00 +0000",publish,/the-breathing-411/mouth-breathing-parable,Breathwork techniques and how-to,
"Movement, Heart and Lung Vacation, and My Teacher is Best","Mon, 20 May 2024 10:20:00 +0000",publish,/the-breathing-411/movement-heart-lung-vacation-my-teacher-is-best,Other,
"My Ghostwriter, Cost-Free, and the Best Gift We Can Give Others","Mon, 27 May 2024 10:20:00 +0000",publish,/the-breathing-411/my-ghostwriter-cost-free-the-best-gift-we-can-give-others,Other,
"My Top 5 Breath Books, Unconditional Love, and a Life Changing Outro","Mon, 05 Jun 2023 10:20:00 +0000",publish,/the-breathing-411/my-top-5-breath-books-love-life-changing-outro,Breathwork techniques and how-to,
"Breathing for Diabetes Class, Mystics, and How to Reach the Ideal State","Mon, 28 Feb 2022 11:20:00 +0000",publish,/the-breathing-411/mystics-ideal-state,Breathwork techniques and how-to,
"Nasal Breathing, Belly Laughing, and My Favorite Signs of Progress","Mon, 16 Sep 2024 10:15:00 +0000",publish,/the-breathing-411/nasal-breathing-belly-laughing-my-favorite-signs-of-progress,Breathwork techniques and how-to,
"Nasal Minded, Three Quotes, And Making Your Own Path","Mon, 09 Sep 2024 10:20:00 +0000",publish,/the-breathing-411/nasal-minded-three-quotes-and-making-your-own-path,Breathwork techniques and how-to,
"New Mouth Tape Study, Universal Rhythm, and the Ego Hates This","Mon, 30 Dec 2024 11:15:00 +0000",publish,/the-breathing-411/new-mouth-tape-study-universal-rhythm-the-ego-hates-this,Science 411 study breakdowns,
"Nose versus Mouth, 800000 and 73 days, and Our Best Weapon for Stress","Mon, 30 May 2022 10:20:00 +0000",publish,/the-breathing-411/nose-stress-73,Anxiety and stress,
"Nutritious Breathing, a Touch of Mindfulness, and Why Resonance Works","Mon, 26 Sep 2022 10:20:00 +0000",publish,/the-breathing-411/nutritious-indirect-resonance,Breathwork techniques and how-to,
"On Breathing, Moving &amp; Stillness, and Taking an Instant Vacation","Mon, 10 Feb 2025 11:15:00 +0000",draft,/the-breathing-411/on-breathing-moving-stillness-taking-an-instant-vacation,Breathwork techniques and how-to,
"One of My New Favorites, Inhale, and 3 Reminders to Exhale","Mon, 23 Sep 2024 10:15:00 +0000",publish,/the-breathing-411/one-of-my-new-favorites-inhale-3-reminders-to-exhale,Breathwork techniques and how-to,
"Free 1-on-1 Sessions, Less is More, and How to Life a Long &amp; Healthy Life","Mon, 04 Jul 2022 10:20:00 +0000",publish,/the-breathing-411/one-on-ones-less-more,Breathwork techniques and how-to,
"One-Second Meditation, Being Breathed, and Why Slow Breathing Works","Mon, 20 Jan 2025 11:15:00 +0000",publish,/the-breathing-411/one-second-meditation-being-breathed-why-slow-breathing-works,Breathwork techniques and how-to,
"One Solution to Stress, Getting More, and the Best $0.99 I’ve Spent","Mon, 16 Oct 2023 10:20:00 +0000",publish,/the-breathing-411/one-solution-stress-getting-more-best-99-ive-spent,Anxiety and stress,
"Positive Stress, Open Heart, and a Poor Host for Disease","Mon, 17 Jun 2024 10:20:00 +0000",publish,/the-breathing-411/positive-stress-open-heart-poor-host-for-disease,Anxiety and stress,
"Sit Up Straight, a Language of Energy, and Two Hours instead of One?","Mon, 14 Mar 2022 10:24:00 +0000",publish,/the-breathing-411/posture-lean-into-practice,Other,
"Progress, Heart &amp; Happiness, and How to Become a Breath Coach","Mon, 01 Aug 2022 10:20:00 +0000",publish,/the-breathing-411/progress-heart-happiness,Breathwork techniques and how-to,
"Is Resonance Overrated, Breathing 3.0, and Feeling More this Week","Sat, 29 Oct 2022 10:20:00 +0000",publish,/the-breathing-411/resonance-breathing30-emotional,Breathwork techniques and how-to,
"Science Talk, Stress, and 3 Exercises to Heal Any Ailment","Mon, 08 Apr 2024 10:20:00 +0000",publish,/the-breathing-411/science-talk-stress-3-exercises-to-heal-any-ailment,Anxiety and stress,
"See the World, Deep Rest, and a Simple Step for Profound Effects","Mon, 06 May 2024 10:20:00 +0000",publish,/the-breathing-411/see-the-world-deep-rest-a-simple-step-for-profound-effects,Sleep,
"Self-Expression, Sending Messages of Calm, and How to Live Well","Mon, 05 Feb 2024 11:20:00 +0000",publish,/the-breathing-411/self-expression-sending-messages-of-calm-how-to-live-well,Anxiety and stress,
"A Shared Theme, Heal the Body, and Tony Robbins's 3 Breathing Practices","Mon, 07 Mar 2022 11:24:00 +0000",publish,/the-breathing-411/shared-theme-tony-robbins,Breathwork techniques and how-to,
"Slow Gratitude, Breath Pole Vaulting, and Two Ways It Calms the Mind","Mon, 22 May 2023 10:20:00 +0000",publish,/the-breathing-411/slow-gratitude-breath-pole-vaulting-calm-mind,Anxiety and stress,
"A Smile, Perfect Advice on Methods, and I Was Happy Until this Moment","Mon, 11 Sep 2023 10:20:00 +0000",publish,/the-breathing-411/smile-perfect-on-methods-happy-until-this-moment,Personal and newsletter style,
"Smiling, Heart at Ease, and a Life-Changing Shift in Perspective","Sat, 20 Jan 2024 11:20:00 +0000",publish,/the-breathing-411/smiling-heart-at-ease-life-changing-shift-perspective,Other,
"The Cheapest Medicine, a New Breath Book, and Students of Life","Mon, 29 Jan 2024 11:20:00 +0000",publish,/the-breathing-411/smiling-heart-at-ease-life-changing-shift-perspective-l4eff,Breathwork techniques and how-to,
"Soul Physiology, Laughter Heals, and a Great Zen Master","Mon, 13 May 2024 10:20:00 +0000",publish,/the-breathing-411/soul-physiology-laughter-heals-great-zen-master,Other,
"Nose or Mouth, 23 Years Ago, and How to Make Spiritual Progress","Mon, 10 Oct 2022 10:20:00 +0000",publish,/the-breathing-411/spiritual-progress-nose-mouth,Breathwork techniques and how-to,
"Better Under Stress, Wim Hof’s Joy, and a Protocol based on 29 Studies","Mon, 18 Apr 2022 10:20:00 +0000",publish,/the-breathing-411/stress-29-studies,Anxiety and stress,
"Rock Climbing, Stress &amp; Growth, and How to be Present (not just breathing)","Mon, 21 Feb 2022 11:20:00 +0000",publish,/the-breathing-411/stress-growth-superhuman,Breathwork techniques and how-to,
"Big Tech vs. Gandhi, Breathing is Self-Love, and Syncing w/ the Heart","Mon, 13 Feb 2023 11:20:00 +0000",publish,/the-breathing-411/tech-gandhi-love,Breathwork techniques and how-to,
"Ten Breaths, the Power of Intention, and a Prescription for a Good Life","Mon, 02 Dec 2024 11:15:00 +0000",publish,/the-breathing-411/ten-breaths-the-power-of-intention-prescription-for-a-good-life,Breathwork techniques and how-to,
"A Wild Sleep Study, Becoming Great, and Being More Human","Mon, 15 Jan 2024 11:20:00 +0000",publish,/the-breathing-411/tickle-your-adrenals-superhuman-is-sleep-all-in-your-head,Sleep,
"Timeless Healing, Anti-Harley, and 2 Rules to Improve Your Breathing","Mon, 21 Mar 2022 10:20:00 +0000",publish,/the-breathing-411/timeless-healing-2-rules,Breathwork techniques and how-to,
"Top 5 Daily Breaths, a Guide to Wim Hof, and Coherence Fuels Purpose","Mon, 06 Jun 2022 10:20:00 +0000",publish,/the-breathing-411/top-5-coherence-purpose,Breathwork techniques and how-to,
"Top 5 IG Accounts, “Embreathment”, and Breathing for Emotional Health","Mon, 03 Apr 2023 10:20:00 +0000",publish,/the-breathing-411/top-5-ig-embreathment-emotional-health,Breathwork techniques and how-to,
"Two Simple Things, a Better Brain, and You Already Knew This, But…","Mon, 24 Jul 2023 10:20:00 +0000",publish,/the-breathing-411/two-simple-things-a-better-brain-you-already-knew-this,Focus and performance,
"An Unexpected Truth, 22 One-Sentence Ideas, and the Best Part of Breathing","Mon, 03 Jan 2022 11:15:00 +0000",publish,/the-breathing-411/use-heart-22-one,Breathwork techniques and how-to,
"Vagal Tone, Perfect Advice, and How to Experience More Joy","Mon, 08 Aug 2022 10:20:00 +0000",publish,/the-breathing-411/vagal-tone-perfect-advice,Breathwork techniques and how-to,
"Values and Goals, Diverse Tactics, and 3 Shared Benefits of 15 Studies","Mon, 25 Apr 2022 10:20:00 +0000",publish,/the-breathing-411/values-goals-methods,Other,
"Easy &amp; Natural Resistance Breathing, Flow, and How to Fall Back Asleep","Mon, 05 Sep 2022 10:20:00 +0000",publish,/the-breathing-411/water-resistance-counting,Breathwork techniques and how-to,
"When Laughter Occurs, Choosing Joy, and a New Favorite Passage","Mon, 23 Oct 2023 10:20:00 +0000",publish,/the-breathing-411/when-laughter-occurs-choosing-joy-a-new-favorite-passage,Other,
"Wim Hof vs. Slow Breathing, and How to Start Something Meaningful","Mon, 17 Jan 2022 11:15:00 +0000",publish,/the-breathing-411/whm-hrvb-meaningful,Breathwork techniques and how-to,
"Wim Hof vs. Slow Breathing, Part 2: The Famous Endotoxin Challenge","Mon, 24 Jan 2022 11:15:00 +0000",publish,/the-breathing-411/whm-slow-part2,Breathwork techniques and how-to,
"Whole-Brain Breathing, Nexus Point, and Life is Far Too Important","Mon, 25 Nov 2024 11:15:00 +0000",publish,/the-breathing-411/whole-brain-breathing-nexus-point-life-is-far-too-important,Breathwork techniques and how-to,
"Why We Suffer, Power of Humming, and a Celebration of Life","Mon, 04 Mar 2024 11:20:00 +0000",publish,/the-breathing-411/why-we-suffer-power-of-humming-celebration-of-life,Other,
"One Minute Stress Relief, Taste the Soup, and Positive Feelings","Mon, 21 Nov 2022 11:20:00 +0000",publish,/the-breathing-411/wim-1-min-soup,Anxiety and stress,
"Wim Hof &amp; the Ocean, Presencing, and a Long, Good Life","Mon, 14 Nov 2022 11:20:00 +0000",publish,/the-breathing-411/wim-ocean-presencing,Other,
"Yoga vs. Prozac, Deep Insight, and 4 Breaths for a Better Heart","Mon, 27 Jun 2022 10:20:00 +0000",publish,/the-breathing-411/yoga-prozac-heart,Breathwork techniques and how-to,
"Altered Traits: Science Reveals How Meditation Changes Your Mind, Brain, and Body","Fri, 19 May 2023 08:11:00 +0000",publish,/book-411s/altered-traits,Contemplative practice and mindfulness,"BY: Daniel Goleman, Ph.D. & Richard Davidson, Ph.D. Listen or Download Podcast Version 4 Thoughts 1. Altered Traits and the Real Goal of Meditation “Historically, meditation was not meant to improve our health, relax us, or enhance work success. Although these are the kinds of appeal that has made m"
The Art of Impossible: A Peak Performance Primer,"Fri, 08 Jul 2022 18:56:07 +0000",publish,/book-411s/art-of-impossible,Focus and performance,"BY: STEVEN KOTLER 4 THOUGHTS 1. Breathing to Boost Creativity: Quieting the Amygdala, Pessimism, and 80% “Unfortunately, to keep us safe, the amygdala is strongly biased toward negative information. We're always hunting danger. In experiments run at the University of California, Berkeley, psychologi"
Biofeedback and Mindfulness in Everyday Life: Practical Solutions for Improving Your Health and Performance,"Sun, 10 Jul 2022 17:23:10 +0000",publish,/book-411s/biofeedback-and-mindfulness-everyday-life,Contemplative practice and mindfulness,"BY: INNA KHAZAN, PH.D. 4 THOUGHTS 1. Mindful Low-and-Slow Breathing is “Almost Always Helpful” “Mindful low-and-slow breathing (Chapter 2) activates the parasympathetic (relaxation) nervous system and is therefore almost always helpful in reducing physiological arousal, including bringing down skin "
Blue Mind,"Wed, 26 Oct 2022 16:56:08 +0000",publish,/book-411s/blue-mind,Breathwork techniques and how-to,"The Surprising Science That Shows How Being Near, In, On, or Under Water Can Make You Happier, Healthier, More Connected, and Better at What You Do BY: WALLACE J NICHOLS Listen or Download Audio File 4 THOUGHTS 1. What is Blue Mind and Blue Mindfulness? “Several years ago I came up with a name for t"
Breath: The New Science of a Lost Art,"Fri, 24 Feb 2023 09:11:00 +0000",publish,/book-411s/breath,Breathwork techniques and how-to,"BY: JAMES NESTOR Listen or Download Podcast Version 4 Thoughts 1. Breathe Through Your Nose “The readouts reveal what the previous days have revealed: mouthbreathing is destroying our health. […] My blood pressure has spiked by an average of 13 points from where it was before the test, which puts me"
Breath by Breath: The Liberating Practice of Insight Meditation,"Fri, 14 Oct 2022 13:52:38 +0000",publish,/book-411s/breath-by-breath,Contemplative practice and mindfulness,"BY: LARRY ROSENBERG Listen or Download Audio File Additional Note: This book is a discourse on the Anapanasati Sutra. This sutra “ constitutes the basic meditative instructions of the Buddha, and so serves as a fundamental vehicle for gaining insight into the core teachings of Buddhism. ” – Jon Kaba"
"Breath Taking: The Power, Fragility, and Future of Our Extraordinary Lungs","Tue, 26 Jul 2022 18:53:27 +0000",publish,/book-411s/breath-taking,Breathwork techniques and how-to,"BY: MICHAEL J STEPHEN, MD 4 THOUGHTS 1. Breathing Makes Everything Possible: Life & Breath Are Synonymous “That oxygen, life, and lungs all came into our world in relatively close succession is no coincidence. Only with oxygen and some means of extracting it are all things possible—thinking, moving,"
Breathing: The Master Key to Self Healing,"Fri, 21 Oct 2022 13:46:42 +0000",publish,/book-411s/breathing-master-key,Breathwork techniques and how-to,"BY: ANDREW WEIL, MD Listen or Download Audio File Additional Note: This is an audio tape, not a book. So, all the quotes are punctuated using my best guess based on Dr. Weil’s dictation. Moreover, this tape (released more than 20 years ago!) will now be my #1 recommendation for anyone beginning with"
"Buddha's Brain: The Practical Neuroscience of Happiness, Love &amp; Wisdom","Thu, 17 Nov 2022 16:44:48 +0000",publish,/book-411s/buddhas-brain,Nervous system science,"BY: RICK HANSON, Ph.D., with RICHARD MENDIUS, MD Listen or Download Audio File 4 THOUGHTS 1. The Power of the PNS and How to Utilize It “Parasympathetic activation is the normal resting state of your body, brain, and mind. If your SNS were surgically disconnected, you’d stay alive (though you wouldn"
"Full Catastrophe Living: Using the Wisdom of Your Body and Mind to Face Stress, Pain, and Illness","Fri, 05 May 2023 08:11:00 +0000",publish,/book-411s/full-catastrophe-living,Anxiety and stress,"BY: Jon Kabat-Zinn, Ph.D. Listen or Download Podcast Version 4 Thoughts 1. What is Full Catastrophe Living? “Yet ever since I first heard it, I have felt that the phrase “the full catastrophe” captures something positive about the human spirit’s ability to come to grips with what is most difficult i"
"Heart Breath Mind: Conquer Stress, Build Resilience, and Perform at your Peak","Fri, 29 Jul 2022 14:16:23 +0000",publish,/book-411s/heart-breath-mind,Breathwork techniques and how-to,"BY: LEAH LAGOS, Psy.D. Listen or Download Audio File 4 THOUGHTS 1. Something Amazing Happens: Baroreflexes and Why Slow Breathing is So Powerful “The baroreflex is one of the body’s mechanisms for maintaining blood pressure. … Every time you inhale, your heart rate increases, followed by a rise in b"
Holotropic Breathwork: A New Approach to Self-Exploration and Therapy,"Fri, 02 Dec 2022 09:11:00 +0000",publish,/book-411s/holotropic-breathwork,Breathwork techniques and how-to,"BY: STANISLAV GROF & CHRISTINA GROF Listen or Download Podcast Version Nick’s Disclaimer I am not a Holotropic Breathwork® coach or practitioner. Thus, I read the book from a pure breath-enthusiast perspective. I usually only discuss things I practice myself, but I loved this book and wanted to shar"
"Love 2.0: How Our Supreme Emotion Affects Everything We Feel, Think, Do, and Become","Fri, 10 Feb 2023 09:11:00 +0000",publish,/book-411s/love-2-0,Breathwork techniques and how-to,"BY: BARBARA FREDRICKSON, Ph.D. Listen or Download Podcast Version 4 Thoughts 1. What is Love 2.0? Before we get into the surprisingly straightforward breath-love connection, let’s answer the obvious question: What is “Love 2.0”? Dr. Fredrickson defines love as a micro-moment of “positivity resonance"
"Mind Over Meds: Know When Drugs Are Necessary, When Alternatives Are Better and When to Let Your Body Heal on Its Own","Fri, 30 Sep 2022 14:13:57 +0000",publish,/book-411s/mind-over-meds,Nervous system science,"BY: ANDREW WEIL, MD Listen or Download Audio 4 THOUGHTS 1. Breath is (quite literally) Medicine “One question I always ask is “How did we come to believe that medication is the only or the most effective way to treat disease?” Medicine and medication both derive from an ancient Indo-Iranian root mea"
"Neurodharma: New Science, Ancient Wisdom, and Seven Practices of the Highest Happiness","Fri, 12 Aug 2022 13:27:14 +0000",publish,/book-411s/neurodharma,Anxiety and stress,"BY: RICK HANSON, Ph.D. Listen or Download Audio: 4 THOUGHTS 1. Beating Our Negative Biases with Slow Breathing “We need to deal with real dangers, but much of the time we overestimate threats—an aspect of the negativity bias—and don’t feel as safe as we actually are. This makes us feel bad, and it w"
"Peak Mind: Find Your Focus, Own Your Attention, Invest 12 Minutes a Day","Fri, 21 Apr 2023 08:11:00 +0000",publish,/book-411s/peak-mind,Focus and performance,"BY: Amishi P. Jha, Ph.D. Listen or Download Podcast Version 4 Thoughts 1. Attention is Everything (and yours is perfect ) “You may be surprised to know that all of this ultimately comes down to one thing: your attention. If you’re feeling that you’re in a cognitive fog: depleted attention. If you’re"
Relaxation Revolution: Enhancing Your Personal Health Through the Science and Genetics of Mind-Body Healing,"Fri, 13 Jan 2023 09:11:00 +0000",publish,/book-411s/relaxation-revolution,General wellness,"BY: HERBERT BENSON, MD AND WILLIAM PROCTOR, JD Listen or Download Podcast Version 4 THOUGHTS 1. What is the Relaxation Response and Why Is It So Powerful? “Briefly stated, the relaxation response is defined as the response that is the opposite of the ‘fight-or-flight’ or stress response. It is chara"
Stolen Focus: Why You Can’t Pay Attention—and How to Think Deeply Again,"Thu, 28 Jul 2022 14:55:14 +0000",publish,/book-411s/stolen-focus,Focus and performance,BY: JOHANN HARI Listen or Download Audio File 4 THOUGHTS 1. Why Slowing Down Leads to Better Attention and Feels So Good “But when you practice moving at a speed that is compatible with human nature—and you build that into your daily life—you begin to train your attention and focus. ‘That’s why thos
The Confidence Gap: A Guide to Overcoming Fear and Self-Doubt,"Sun, 10 Jul 2022 17:55:13 +0000",publish,/book-411s/the-confidence-gap,Anxiety and stress,"BY: RUSS HARRIS 4 THOUGHTS 1. Presto, Instant Success: Breathing (And Life) Values Vs. Goals “Values are ‘desired qualities of ongoing action.’ In other words, your values describe how you want to behave as a human being: how you want to act on an ongoing basis, […] Goals are ‘desired outcomes.’ In "
The Happiness Track: How to Apply the Science of Happiness to Accelerate Your Success,"Sun, 10 Jul 2022 16:50:46 +0000",publish,/book-411s/the-happiness-track,Breathwork techniques and how-to,"BY: EMMA SEPPÄLÄ, PH.D. Additional Note: I listened to this book on Audible. Therefore, the quotation might not be correct, but is my best attempt at reproducing the punctuation based on the narrator’s pace, tone, and pauses. 4 THOUGHTS 1. Calm & Energized: How to Achieve the Ideal Physiological Sta"
"The Healing Power of Meditation: Leading Experts on Buddhism, Psychology, and Medicine Explore the Health Benefits of Contemplative Practice","Fri, 02 Jun 2023 08:11:00 +0000",publish,/book-411s/the-healing-power-of-meditation,Contemplative practice and mindfulness,"BY: Andy Fraser (editor) (NOTE: Each chapter is written by a different expert) Listen or Download Podcast Version 4 Thoughts 1. What Meditation Is & Its Overall Goal “Broadly speaking, the many different schools of meditation share two components. The first is shamatha (sometimes, samatha), which ca"
The Healing Power of the Breath,"Fri, 16 Dec 2022 09:11:00 +0000",publish,/book-411s/the-healing-power-of-the-breath,Breathwork techniques and how-to,"Simple Techniques to Reduce Stress and Anxiety, Enhance Concentration, and Balance Your Emotions BY: RICHARD BROWN, MD & PATRICIA GERBARG, MD Listen or Download Podcast Version Additional Note + Free Audio Program This book is a must-read for anyone interested in breathing—which means you : ) It als"
"The Mindful Day: Practical Ways to Find Focus, Calm, and Joy from Morning to Evening","Thu, 17 Nov 2022 16:43:30 +0000",publish,/book-411s/the-mindful-day,Contemplative practice and mindfulness,"BY: LAURIE J. CAMERON Listen or Download Audio File 4 THOUGHTS 1. What is Mindfulness and How is it Different from Meditation? ""Mindfulness is the awareness that arises when we deliberately direct our attention toward our inner experience, toward others, and toward the environment around us. But mor"
"The Oxygen Advantage: The Simple, Scientifically Proven Breathing Techniques for a Healthier, Slimmer, Faster, and Fitter You","Fri, 10 Mar 2023 09:11:00 +0000",publish,/book-411s/the-oxygen-advantage,Breathwork techniques and how-to,"BY: PATRICK MCKEOWN Listen or Download Podcast Version 4 Thoughts 1. An Abundance of Overbreathing “Just as we have an optimal quantity of water and food to consume each day, we also have an optimal quantity of air to breathe. And just as eating too much can be damaging to our health, so can overbre"
The Stress Prescription: Seven Days to More Joy and Ease,"Fri, 16 Jun 2023 08:11:00 +0000",publish,/book-411s/the-stress-prescription,Anxiety and stress,"BY: Elissa Epel, Ph.D. Listen or Download Podcast Version 4 Thoughts 1. Accepting & Embracing Uncertainty “We know now that stress biology and aging biology are wrapped up together. Our bodies get worn down more quickly under chronic stress, and chronic uncertainty is the most ubiquitous form of chr"
The Tibetan Yoga of Breath: Breathing Practices for Healing the Body and Cultivating Wisdom,"Fri, 24 Mar 2023 08:11:00 +0000",publish,/book-411s/the-tibetan-yoga-of-breath,Breathwork techniques and how-to,"BY: Anyen Rinpoche & Allison Choying Zangmo Listen or Download Podcast Version 4 Thoughts 1. Why Breathing is the Best Tool for Healing and Transcending Suffering “If we practice mindfulness and appreciate training in the breath, we have an incredible number of opportunities to balance the body and "
The Wim Hof Method: Activate Your Full Human Potential,"Fri, 30 Dec 2022 09:11:00 +0000",publish,/book-411s/the-wim-hof-method,General wellness,"BY: WIM HOF Listen or Download Podcast Version Additional Note I am not a Wim Hof instructor. To ensure safety, it’s critical that you use a certified instructor ( or Wim’s free app ) if you’re interested in trying the method. You should consult your physician before trying anything new. One More Th"
Three Steps to Awakening: A Practice for Bringing Mindfulness to Life,"Fri, 07 Apr 2023 08:11:00 +0000",publish,/book-411s/three-steps-to-awakening,Contemplative practice and mindfulness,"BY: Larry Rosenberg with Laura Zimmerman Listen or Download Podcast Version 4 Thoughts 1. The Power of Breath Awareness (‘a joyful abiding in the here and now’) “Thoughts also come and go. So do moods and images. Likewise, the body feels comfortable, then uncomfortable. The mind is optimistic, then "
Timeless Healing:  The Power and Biology of Belief,"Fri, 27 Jan 2023 09:11:00 +0000",publish,/book-411s/timeless-healing,General wellness,"BY: HERBERT BENSON, MD Listen or Download Podcast Version Additional Note: Here are some quotes to keep in the back of your mind as you read or listen to this one. 4 THOUGHTS 1. Remembered Wellness: How to Harness the Power of the Mind “[A]ll of us have the ability to “remember” the calm and confide"
Transcend: The New Science of Self-Actualization,"Wed, 20 Jul 2022 15:14:57 +0000",publish,/book-411s/transcend,Breathwork techniques and how-to,"BY: SCOTT BARRY KAUFMAN, PH.D. 4 THOUGHTS 1. The Good Life & the Good Breath “Instead, the good life that I present, which is deeply grounded in the core principles of humanistic psychology and a realistic understanding of human needs, is about the healthy expression of needs in the service of disco"
Effect of rosary prayer and yoga mantras on autonomic cardiovascular rhythms: comparative study,"Fri, 25 Nov 2022 09:11:00 +0000",publish,/science-411s/bernardi-et-al-2001,Contemplative practice and mindfulness,"Listen or Download Audio File: Citation Bernardi L, Sleight P, Bandinelli G, Cencetti S, Fattorini L, Wdowczyc-Szulc J, Lagi A. Effect of rosary prayer and yoga mantras on autonomic cardiovascular rhythms: comparative study. BMJ. 2001 Dec 22-29;323(7327):1446-9. doi: 10.1136/bmj.323.7327.1446. PMID:"
Oxygen-induced impairment in arterial function is corrected by slow breathing in patients with type 1 diabetes (2017),"Thu, 14 Jul 2022 17:30:01 +0000",publish,/science-411s/bernardi-et-al-2017,Breathwork techniques and how-to,"Citation Bernardi L, Gordin D, Bordino M, Rosengård-Bärlund M, Sandelin A, Forsblom C, Groop PH. Oxygen-induced impairment in arterial function is corrected by slow breathing in patients with type 1 diabetes. Sci Rep. 2017 Jul 20;7(1):6001. doi: 10.1038/s41598-017-04947-4. PMID: 28729675; PMCID: PMC"
Acute Fall and Long-Term Rise in Oxygen Saturation in Response to Meditation,"Fri, 26 May 2023 08:11:00 +0000",publish,/science-411s/bernardi-et-al-2017-meditation,Breathwork techniques and how-to,"Listen or Download Podcast Version: Citation Bernardi NF, Bordino M, Bianchi L, Bernardi L. Acute fall and long-term rise in oxygen saturation in response to meditation. Psychophysiology. 2017 Dec;54(12):1951-1966. doi: 10.1111/psyp.12972. Epub 2017 Aug 25. PMID: 28840941. Sharable Note: You can sha"
"An add-on training program involving breathing exercises, cold exposure, and meditation attenuates inflammation and disease activity in axial spondyloarthritis – A proof of concept trial","Fri, 30 Dec 2022 09:09:00 +0000",publish,/science-411s/buijze-et-al-2019,Breathwork techniques and how-to,"Listen or Download Podcast Version: Citation Buijze GA, De Jong HMY, Kox M, van de Sande MG, Van Schaardenburg D, Van Vugt RM, Popa CD, Pickkers P, Baeten DLP. An add-on training program involving breathing exercises, cold exposure, and meditation attenuates inflammation and disease activity in axia"
Device and non-device-guided slow breathing to reduce blood pressure: A systematic review and meta-analysis (2019),"Mon, 11 Jul 2022 15:17:23 +0000",publish,/science-411s/chaddha-et-al-2019,Breathwork techniques and how-to,"Citation Chaddha A, Modaff D, Hooper-Lane C, Feldstein DA. Device and non-device-guided slow breathing to reduce blood pressure: A systematic review and meta-analysis. Complement Ther Med. 2019 Aug;45:179-184. doi: 10.1016/j.ctim.2019.03.005. Epub 2019 Mar 15. PMID: 31331557. 4 FUNDAMENTALS 1. Essen"
Yoga breathing for cancer chemotherapy-associated symptoms and quality of life: results of a pilot randomized controlled trial,"Fri, 03 Feb 2023 09:11:00 +0000",publish,/science-411s/dhruva-et-al-2012,Breathwork techniques and how-to,"Listen or Download Podcast Version: Citation Dhruva A, Miaskowski C, Abrams D, Acree M, Cooper B, Goodman S, Hecht FM. Yoga breathing for cancer chemotherapy-associated symptoms and quality of life: results of a pilot randomized controlled trial. J Altern Complement Med. 2012 May;18(5):473-9. doi: 1"
The therapeutic use of the relaxation response in stress-related diseases,"Fri, 06 Jan 2023 09:11:00 +0000",publish,/science-411s/esch-et-al-2003,Anxiety and stress,"Listen or Download Podcast Version: Citation Esch T, Fricchione GL, Stefano GB. The therapeutic use of the relaxation response in stress-related diseases. Med Sci Monit. 2003 Feb;9(2):RA23-34. PMID: 12601303. 4 FUNDAMENTALS 1. Essential Background Material Negative stress can be defined as mental or"
"Voluntary Control of Respiration Patterns, In: A Clinical Guide to the Treatment of the Human Stress Response","Fri, 14 Apr 2023 08:11:00 +0000",publish,/science-411s/everly-and-lating-2019,Anxiety and stress,"Listen or Download Podcast Version: Citation Everly, G.S., Lating, J.M. (2019). Voluntary Control of Respiration Patterns. In: A Clinical Guide to the Treatment of the Human Stress Response. Springer, New York, NY. https://doi.org/10.1007/978-1-4939-9098-6_15 Sharable Note: You can share anything yo"
Effect of breathwork on stress and mental health: A meta-analysis of randomised-controlled trials,"Fri, 20 Jan 2023 09:11:00 +0000",publish,/science-411s/fincham-et-al-2023,Breathwork techniques and how-to,"Listen or Download Podcast Version: Citation Fincham, G.W., Strauss, C., Montero-Marin, J. et al. Effect of breathwork on stress and mental health: A meta-analysis of randomised-controlled trials. Sci Rep 13, 432 (2023). https://doi.org/10.1038/s41598-022-27247-y Additional Note This was published i"
Heart rate variability biofeedback in chronic disease management: A systematic review (2021),"Mon, 11 Jul 2022 14:57:58 +0000",publish,/science-411s/fournie-et-al-2021,Nervous system science,"Citation Fournié C, Chouchou F, Dalleau G, Caderby T, Cabrera Q, Verkindt C. Heart rate variability biofeedback in chronic disease management: A systematic review. Complement Ther Med. 2021 Aug;60:102750. doi: 10.1016/j.ctim.2021.102750. Epub 2021 Jun 10. PMID: 34118390. 4 FUNDAMENTALS 1. Essential "
"Psychophysiological Responses to Various Slow, Deep Breathing Techniques","Sun, 16 Oct 2022 20:39:56 +0000",publish,/science-411s/gholamrezaei-et-al-2021,Breathwork techniques and how-to,"Listen or Download Audio File: Citation Gholamrezaei, A., Van Diest, I., Aziz, Q., Vlaeyen, J. W. S., & Van Oudenhove, L. (2021). Psychophysiological responses to various slow, deep breathing techniques. Psychophysiology, 58(2), [e13712]. https://doi.org/10.1111/psyp.13712 4 FUNDAMENTALS 1. Essentia"
Oral and Systemic Effects of Breathing Patterns: Nasal Breathing vs. Mouth Breathing,"Wed, 12 Oct 2022 14:59:46 +0000",publish,/science-411s/gustafson-et-al-2022,Breathwork techniques and how-to,"Citation Gustafson, J.R., Foster, S., & Swarthout, K. (2022). Oral and systemic effects of breathing patterns: Nasal breathing vs. mouth breathing. Dental Academy of Continuing Education. https://dentalacademyofce.com/courses/oral-and-systemic-effects-of-breathing-patterns-nasal-breathing-vs-mouth-b"
Self-regulation of Breathing as a Primary Treatment for Anxiety,"Fri, 17 Mar 2023 08:11:00 +0000",publish,/science-411s/jerath-et-al-2015,Breathwork techniques and how-to,"Listen or Download Podcast Version: Citation Jerath R, Crawford MW, Barnes VA, Harden K. Self-regulation of breathing as a primary treatment for anxiety. Appl Psychophysiol Biofeedback. 2015 Jun;40(2):107-15. doi: 10.1007/s10484-015-9279-8. PMID: 25869930. Sharable Note: You can share anything you w"
Voluntary activation of the sympathetic nervous system and attenuation of the innate immune response in humans,"Fri, 30 Dec 2022 09:08:00 +0000",publish,/science-411s/kox-et-al-2014,Nervous system science,"Listen or Download Podcast Version: Citation Kox M, van Eijk LT, Zwaag J, van den Wildenberg J, Sweep FC, van der Hoeven JG, Pickkers P. Voluntary activation of the sympathetic nervous system and attenuation of the innate immune response in humans. Proc Natl Acad Sci U S A. 2014 May 20;111(20):7379-"
Vagal Mediation of Low-Frequency Heart Rate Variability During Slow Yogic Breathing,"Fri, 03 Mar 2023 09:11:00 +0000",publish,/science-411s/kromenacker-et-al-2018,Nervous system science,"Listen or Download Podcast Version: Citation Kromenacker BW, Sanova AA, Marcus FI, Allen JJB, Lane RD. Vagal Mediation of Low-Frequency Heart Rate Variability During Slow Yogic Breathing. Psychosom Med. 2018 Jul/Aug;80(6):581-587. doi: 10.1097/PSY.0000000000000603. PMID: 29771730. Sharable Note: You"
Inﬂuence of a 30-Day Slow-Paced Breathing Intervention Compared to Social Media Use on Subjective Sleep Quality and Cardiac Vagal Activity,"Wed, 05 Oct 2022 14:32:42 +0000",publish,/science-411s/laborde-et-al-2019,Breathwork techniques and how-to,"Citation Laborde S, Hosang T, Mosley E, Dosseville F. Influence of a 30-Day Slow-Paced Breathing Intervention Compared to Social Media Use on Subjective Sleep Quality and Cardiac Vagal Activity. J Clin Med. 2019 Feb 6;8(2):193. doi: 10.3390/jcm8020193. PMID: 30736268; PMCID: PMC6406675. 4 FUNDAMENTA"
Slow-Paced Breathing: Influence of Inhalation/Exhalation Ratio and of Respiratory Pauses on Cardiac Vagal Activity,"Tue, 02 Aug 2022 14:22:16 +0000",publish,/science-411s/laborde-et-al-2021-ie-ratio,Breathwork techniques and how-to,"Citation Laborde S, Iskra M, Zammit N, Borges U, You M, Sevoz-Couche C, Dosseville F. Slow-paced breathing: influence of Inhalation/Exhalation ratio and of respiratory pauses on cardiac vagal activity. Sustainability. 2021 Jul 12;13(14):7775. 4 FUNDAMENTALS 1. Essential Background Material This stud"
Effects of voluntary slow breathing on heart rate and heart rate variability: A systematic review and a meta-analysis (2022),"Thu, 21 Jul 2022 17:38:13 +0000",publish,/science-411s/laborde-et-al-2022,Nervous system science,"Citation Laborde S, Allen MS, Borges U, Dosseville F, Hosang TJ, Iskra M, Mosley E, Salvotti C, Spolverato L, Zammit N, Javelle F. Effects of voluntary slow breathing on heart rate and heart rate variability: A systematic review and a meta-analysis. Neurosci Biobehav Rev. 2022 Jul;138:104711. doi: 1"
The Influence of Slow-Paced Breathing on Executive Function,"Fri, 17 Feb 2023 09:11:00 +0000",publish,/science-411s/laborde-et-al-2022-executive-function,Breathwork techniques and how-to,"Listen or Download Podcast Version: Citation Laborde, S., Allen, M. S., Borges, U., Hosang, T. J., Furley, P., Mosley, E., & Dosseville, F. (2021). The influence of slow-paced breathing on executive function. Journal of Psychophysiology. Sharable Note: You can share anything you want from these 411s"
Heart Rate Variability Biofeedback Improves Emotional and Physical Health and Performance: A Systematic Review and Meta Analysis (2020),"Mon, 11 Jul 2022 14:48:21 +0000",publish,/science-411s/lehrer-et-al-2020,Nervous system science,"Citation Lehrer, P., Kaur, K., Sharma, A., Shah, K., Huseby, R., Bhavsar, J., & Zhang, Y. (2020). Heart Rate Variability Biofeedback Improves Emotional and Physical Health and Performance: A Systematic Review and Meta Analysis. Applied Psychophysiology and Biofeedback, 45(3), 109–129. https://doi.or"
Inhalation of nasally derived nitric oxide modulates pulmonary function in humans,"Fri, 09 Dec 2022 09:11:00 +0000",publish,/science-411s/lundberg-et-al-1996,Breathwork techniques and how-to,"Listen or Download Podcast Version: Citation Lundberg JO, Settergren G, Gelinder S, Lundberg JM, Alving K, Weitzberg E. Inhalation of nasally derived nitric oxide modulates pulmonary function in humans. Acta Physiol Scand. 1996 Dec;158(4):343-7. doi: 10.1046/j.1365-201X.1996.557321000.x. PMID: 89712"
Benefits from one session of deep and slow breathing on vagal tone and anxiety in young and older adults (2021),"Fri, 15 Jul 2022 17:37:46 +0000",publish,/science-411s/magnon-et-al-2021,Breathwork techniques and how-to,"Citation Magnon V, Dutheil F, Vallet GT. Benefits from one session of deep and slow breathing on vagal tone and anxiety in young and older adults. Sci Rep. 2021 Sep 29;11(1):19267. doi: 10.1038/s41598-021-98736-9. PMID: 34588511; PMCID: PMC8481564. 4 FUNDAMENTALS 1. Essential Background Material Thi"
Modulating Heart Rate Oscillation Affects Plasma Amyloid Beta and Tau Levels in Younger and Older Adults,"Fri, 12 May 2023 08:11:00 +0000",publish,/science-411s/min-et-al-2023,Focus and performance,"Listen or Download Podcast Version: Citation Min J, Rouanet J, Martini AC, Nashiro K, Yoo HJ, Porat S, Cho C, Wan J, Cole SW, Head E, Nation DA, Thayer JF, Mather M. Modulating heart rate oscillation affects plasma amyloid beta and tau levels in younger and older adults. Sci Rep. 2023 Mar 9;13(1):39"
The “Embreathment” Illusion Highlights the Role of Breathing in Corporeal Awareness,"Fri, 31 Mar 2023 08:11:00 +0000",publish,/science-411s/monti-et-al-2020,Breathwork techniques and how-to,"Listen or Download Podcast Version: Citation Monti A, Porciello G, Tieri G, Aglioti SM. The ""embreathment"" illusion highlights the role of breathing in corporeal awareness. J Neurophysiol. 2020 Jan 1;123(1):420-427. doi: 10.1152/jn.00617.2019. Epub 2019 Dec 4. PMID: 31800367; PMCID: PMC6985859. Shar"
Acute effects of resonance frequency breathing on cardiovascular regulation,"Tue, 15 Nov 2022 15:02:35 +0000",publish,/science-411s/pagaduan-et-al-2019,Breathwork techniques and how-to,"Listen or Download Audio File: Citation Pagaduan J, Wu SS, Kameneva T, Lambert E. Acute effects of resonance frequency breathing on cardiovascular regulation. Physiol Rep. 2019 Nov;7(22):e14295. doi: 10.14814/phy2.14295. PMID: 31782265; PMCID: PMC6882954. 4 FUNDAMENTALS 1. Essential Background Mater"
Nasal Nitric Oxide and Regulation of Human Pulmonary Blood Flow in the Upright Position,"Fri, 09 Jun 2023 08:11:00 +0000",publish,/science-411s/sanchez-crespo-et-al-2010,Breathwork techniques and how-to,"Listen or Download Podcast Version: Citation Sánchez Crespo, A., Hallberg, J., Lundberg, J. O., Lindahl, S. G., Jacobsson, H., Weitzberg, E., & Nyrén, S. (2010). Nasal nitric oxide and regulation of human pulmonary blood flow in the upright position. Journal of applied physiology, 108(1), 181-188. S"
A pilot study on the kinetics of metabolites and microvascular cutaneous effects of nitric oxide inhalation in healthy volunteers (2019),"Mon, 11 Jul 2022 15:58:22 +0000",publish,/science-411s/tonelli-et-al-2019,Science 411 study breakdowns,"Citation Tonelli AR, Aulak KS, Ahmed MK, Hausladen A, Abuhalimeh B, Casa CJ, Rogers SC, Timm D, Doctor A, Gaston B, Dweik RA. A pilot study on the kinetics of metabolites and microvascular cutaneous effects of nitric oxide inhalation in healthy volunteers. PLoS One. 2019 Aug 30;14(8):e0221777. doi: "
Review: Can yoga breathing exercises improve glycemic response and insulin sensitivity? (2017),"Thu, 14 Jul 2022 17:23:19 +0000",publish,/science-411s/wilson-et-al-2017,Breathwork techniques and how-to,"Citation Wilson T, Kelly KL, Baker SE. Review: Can yoga breathing exercises improve glycemic response and insulin sensitivity. J Yoga Phys Ther. 2017;7:270. 4 FUNDAMENTALS 1. Essential Background Material This review examined how yogic breathing (pranayama) might help as a non-pharmacological interv"
Deep Breathing Practice Facilitates Retention of Newly Learned Motor Skills (2016),"Mon, 11 Jul 2022 14:31:59 +0000",publish,/science-411s/yadav-and-mutha-2016,Breathwork techniques and how-to,"Citation Yadav G, Mutha PK. Deep Breathing Practice Facilitates Retention of Newly Learned Motor Skills. Sci Rep. 2016 Nov 14;6:37069. doi: 10.1038/srep37069. PMID: 27841345; PMCID: PMC5107920. 4 FUNDAMENTALS 1. Essential Background Material This study aimed to assess whether controlled alternate no"
Effects of diaphragmatic deep breathing exercises on prehypertensive or hypertensive adults: A literature review,"Fri, 23 Dec 2022 09:11:00 +0000",publish,/science-411s/yau-and-loke-2021,Breathwork techniques and how-to,"Listen or Download Podcast Version: Citation Yau KK, Loke AY. Effects of diaphragmatic deep breathing exercises on prehypertensive or hypertensive adults: A literature review. Complement Ther Clin Pract. 2021 May;43:101315. doi: 10.1016/j.ctcp.2021.101315. Epub 2021 Jan 26. PMID: 33530033. 4 FUNDAME"
How Breath-Control Can Change Your Life: A Systematic Review on Psycho-Physiological Correlates of Slow Breathing (2018),"Mon, 11 Jul 2022 16:16:21 +0000",publish,/science-411s/zaccaro-et-al-2018,Breathwork techniques and how-to,"Citation Zaccaro A, Piarulli A, Laurino M, Garbella E, Menicucci D, Neri B, Gemignani A. How Breath-Control Can Change Your Life: A Systematic Review on Psycho-Physiological Correlates of Slow Breathing. Front Hum Neurosci. 2018 Sep 7;12:353. doi: 10.3389/fnhum.2018.00353. PMID: 30245619; PMCID: PMC"
Neural Correlates of Non-ordinary States of Consciousness in Pranayama Practitioners: The Role of Slow Nasal Breathing,"Fri, 28 Apr 2023 08:11:00 +0000",publish,/science-411s/zaccaro-et-al-2022,Breathwork techniques and how-to,"Listen or Download Podcast Version: Citation Zaccaro A, Piarulli A, Melosini L, Menicucci D, Gemignani A. Neural Correlates of Non-ordinary States of Consciousness in Pranayama Practitioners: The Role of Slow Nasal Breathing. Front Syst Neurosci. 2022 Mar 21;16:803904. doi: 10.3389/fnsys.2022.803904"
Part 1: The Effects of Cold Exposure Training and a Breathing Exercise on the Inflammatory Response in Humans: A Pilot Study,"Fri, 30 Dec 2022 09:10:00 +0000",publish,/science-411s/zwaag-et-al-2022-part-one,Breathwork techniques and how-to,"Listen or Download Podcast Version: Citation Zwaag J, Naaktgeboren R, van Herwaarden AE, Pickkers P, Kox M. The Effects of Cold Exposure Training and a Breathing Exercise on the Inflammatory Response in Humans: A Pilot Study. Psychosom Med. 2022 May 1;84(4):457-467. doi: 10.1097/PSY.0000000000001065"
Part 2: The Effects of Cold Exposure Training and a Breathing Exercise on the Inflammatory Response in Humans: A Pilot Study,"Fri, 30 Dec 2022 09:11:00 +0000",publish,/science-411s/zwaag-et-al-2022-part-two,Breathwork techniques and how-to,"Listen or Download Podcast Version: Citation Zwaag J, Naaktgeboren R, van Herwaarden AE, Pickkers P, Kox M. The Effects of Cold Exposure Training and a Breathing Exercise on the Inflammatory Response in Humans: A Pilot Study. Psychosom Med. 2022 May 1;84(4):457-467. doi: 10.1097/PSY.0000000000001065"
The Art of Impossible: A Peak Performance Primer,"Sat, 09 Apr 2022 16:50:32 +0000",draft,/book-411s-sample/art-of-impossible,Focus and performance,"4 thoughts, 1 life-changing idea, and 1 stack of memorable quotes Listen 4 THOUGHTS 1. Breathing to Boost Creativity: Quieting the Amygdala, Pessimism, and 80% “Unfortunately, to keep us safe, the amygdala is strongly biased toward negative information. We're always hunting danger. In experiments ru"
Breathing: The Master Key to Self Healing,"Fri, 23 Dec 2022 14:54:06 +0000",publish,/book-411s-sample/breathing-master-key,Breathwork techniques and how-to,"BY: ANDREW WEIL, MD Listen or Download Podcast Version Additional Note: This is an audio tape, not a book. So, all the quotes are punctuated using my best guess based on Dr. Weil’s dictation. Moreover, this tape (released more than 20 years ago!) will now be my #1 recommendation for anyone beginning"
The Happiness Track: How to Apply the Science of Happiness to Accelerate Your Success V2,"Fri, 08 Jul 2022 10:56:38 +0000",draft,/book-411s-sample/test-test,Breathwork techniques and how-to,"4 THOUGHTS 1. Calm & Energized: How to Achieve the Ideal Physiological State “[Breathing] allows you to function at peak energy, yet without the physical and psychological costs of anxiety and adrenaline overload. In other words, being calm and energized is not only possible through the breath, but "
The Happiness Track: How to Apply the Science of Happiness to Accelerate Your Success,"Thu, 07 Jul 2022 17:38:33 +0000",draft,/book-411s-sample/the-happiness-track,Breathwork techniques and how-to,"4 thoughts, 1 life-changing idea, and 1 stack of memorable quotes Listen 4 THOUGHTS 1. Calm & Energized: How to Achieve the Ideal Physiological State “[Breathing] allows you to function at peak energy, yet without the physical and psychological costs of anxiety and adrenaline overload. In other word"
The Happiness Track: How to Apply the Science of Happiness to Accelerate Your Success,"Sat, 09 Apr 2022 11:02:16 +0000",draft,/book-411s-sample/the-happiness-track-old,Breathwork techniques and how-to,"Listen Instead of Reading 4 THOUGHTS 1. Calm & Energized: How to Achieve the Ideal Physiological State “ [Breathing] allows you to function at peak energy, yet without the physical and psychological costs of anxiety and adrenaline overload. In other words, being calm and energized is not only possib"
The Healing Power of the Breath,"Fri, 23 Dec 2022 14:42:44 +0000",publish,/book-411s-sample/the-healing-power-of-the-breath,Breathwork techniques and how-to,"Simple Techniques to Reduce Stress and Anxiety, Enhance Concentration, and Balance Your Emotions BY: RICHARD BROWN, MD & PATRICIA GERBARG, MD Listen or Download Podcast Version Additional Note + Free Audio Program This book is a must-read for anyone interested in breathing—which means you : ) It als"
Effect of rosary prayer and yoga mantras on autonomic cardiovascular rhythms: comparative study,"Fri, 23 Dec 2022 14:22:42 +0000",publish,/science-411s-sample/bernardi-et-al-2001,Contemplative practice and mindfulness,"Listen or Download Podcast Version Citation Bernardi L, Sleight P, Bandinelli G, Cencetti S, Fattorini L, Wdowczyc-Szulc J, Lagi A. Effect of rosary prayer and yoga mantras on autonomic cardiovascular rhythms: comparative study. BMJ. 2001 Dec 22-29;323(7327):1446-9. doi: 10.1136/bmj.323.7327.1446. P"
Heart Rate Variability Biofeedback Improves Emotional and Physical Health and Performance: A Systematic Review and Meta Analysis,"Sat, 09 Apr 2022 17:11:34 +0000",draft,/science-411s-sample/lehrer-et-al-2020,Nervous system science,Listen Instead of Reading 4 FUNDAMENTALS 1. Essential Background Material This meta-analysis aimed to examine basically every issue that might be addressed by heart rate variability biofeedback (HRVB) based on previous research. A hallmark of slow breathing is that it increases HRV. It does this by 
Inhalation of nasally derived nitric oxide modulates pulmonary function in humans,"Fri, 23 Dec 2022 14:16:21 +0000",publish,/science-411s-sample/lundberg-et-al-1996,Breathwork techniques and how-to,"Listen or Download Podcast Version Citation Lundberg JO, Settergren G, Gelinder S, Lundberg JM, Alving K, Weitzberg E. Inhalation of nasally derived nitric oxide modulates pulmonary function in humans. Acta Physiol Scand. 1996 Dec;158(4):343-7. doi: 10.1046/j.1365-201X.1996.557321000.x. PMID: 897125"
Deep Breathing Practice Facilitates Retention of Newly Learned Motor Skills,"Sat, 09 Apr 2022 17:05:58 +0000",draft,/science-411s-sample/yadav-and-mutha-2016,Breathwork techniques and how-to,Listen Instead of Reading 4 FUNDAMENTALS 1. Essential Background Material This study aimed to assess whether controlled alternate nostril breathing could improve the learning of motor skills. Wikipedia tells us that “ A motor skill is a function that involves specific movements of the body's muscles
(#0) What is The Breathing 1%?,"Sat, 12 Nov 2022 10:49:13 +0000",publish,/the-breathing-1/number-0,Breathwork techniques and how-to,"The Breathing 1% (TB1%) is based on the idea that “ Breathing is the compound interest of health and wellness. ” That if we improve by just 1% every day, those benefits will compound into extraordinary results. It’s also based on the science of learning. It’s quick, bite-sized chunks of wisdom that "
(#1) Why We Start with the Breath: The Ultimate Self-Improvement Tool,"Tue, 22 Nov 2022 09:11:00 +0000",publish,/the-breathing-1/number-1,Breathwork techniques and how-to,"“You can borrow knowledge, but not action.” – James Clear Action is the cornerstone of all improvement. Of course, we have to read and learn—but that only stores potential energy. Action converts that energy into something useful. And breathing is the most basic form of taking action. Breathing caus"
(#10) Get Instant Willpower (here's the only “quick fix”),"Thu, 01 Dec 2022 09:11:00 +0000",publish,/the-breathing-1/number-10,Breathwork techniques and how-to,"“You won’t find many quick fixes in this book, but there is one way to immediately boost willpower: Slow your breathing down to four to six breaths per minute [...] Slowing the breath down activates the prefrontal cortex and increases heart rate variability, which helps shift the brain and body from"
(#100) 100 Inspiring Breathing Quotes,"Wed, 01 Mar 2023 09:11:00 +0000",publish,/the-breathing-1/number-100,Breathwork techniques and how-to,"To celebrate making it to 100 days of The Breathing 1%, here are 100 Inspiring Breathing Quotes. You can also download them as a PDF: 1. “To know that even one life has breathed easier because you have lived. This is to have succeeded.” — Ralph Waldo Emerson 2. “Breathing, like most forms of physica"
(#101) Just the Start,"Thu, 02 Mar 2023 09:11:00 +0000",publish,/the-breathing-1/number-101,Breathwork techniques and how-to,"“Mindful Breathing is a useful practice in its own right. It allows us to take some time out from our busy daily routines, and often creates a restful state that allows us to recharge our batteries and find some inner peace. However, I’d like you to think of it as a versatile training tool to help y"
(#102) Yogic Breathing Vagal Stimulation,"Fri, 03 Mar 2023 09:11:00 +0000",publish,/the-breathing-1/number-102,Breathwork techniques and how-to,"It’s Friday, so we have a new Science 411 available. The paper this week is: Vagal Mediation of Low-Frequency Heart Rate Variability During Slow Yogic Breathing This was was super neat and important. Here is the 1 Big Takeaway: By separately blocking the parasympathetic and sympathetic nervous syste"
(#103) We Don’t Need Qualifications,"Sat, 04 Mar 2023 09:11:00 +0000",publish,/the-breathing-1/number-103,Breathwork techniques and how-to,"“ The breath is something that is readily available to us simply because we are human beings. We do not need anything else to qualify. How marvelous!” ” — Anyen Rinpoche & Allison Choying Zangmo P.S. On weekends, I just send a memorable breathing quote for you to enjoy—it’s a productive form of ment"
(#104) What’s Best for You is Good for Everyone,"Sun, 05 Mar 2023 09:11:00 +0000",publish,/the-breathing-1/number-104,Breathwork techniques and how-to,"“ This is perhaps the biggest revelation of the awakened brain: that it’s in our innate nature to build a better world. That what’s good for everyone is also what’s best for each one of us.” ” — Lisa Miller, Ph.D. P.S. On weekends, I just send a memorable quote for you to enjoy. P.P.S. In yesterday'"
"(#105) Try it, and See What Happens","Mon, 06 Mar 2023 09:11:00 +0000",publish,/the-breathing-1/number-105,Breathwork techniques and how-to,"“So, at the beginning, you might want to stay with the breath, or use it as an anchor to bring you back when you are carried away. Try it for a few years and see what happens.” - Jon Kabat-Zinn, Wherever You Go There You Are In our world of instant gratification, “ Try it for a few years and see wha"
(#106) Why Breathing Heals,"Tue, 07 Mar 2023 09:11:00 +0000",publish,/the-breathing-1/number-106,Breathwork techniques and how-to,“This research clearly shows that working with the breath balances the two components of the autonomic nervous system by enhancing parasympathetic nervous activity (enabling body and mind to relax) and decreasing sympathetic nervous activity (which causes the body to feel anxious or overly alert). I
"(#107) 4-7-8, Breath Pauses, and the Nervous System","Wed, 08 Mar 2023 09:11:00 +0000",publish,/the-breathing-1/number-107,Breathwork techniques and how-to,"“Vagal activity is enhanced during the postinspiratory period and inhibited during the postexpiratory period.” When I read this unassuming sentence in the Discussion of our most recent Science 411 paper , it was actually quite eye-opening for me. It means: Inhalations: Sympathetic Inhale-Holds: Para"
(#108) 3 Bruce Lee Quotes on Methods,"Thu, 09 Mar 2023 09:11:00 +0000",publish,/the-breathing-1/number-108,Breathwork techniques and how-to,"I think these apply perfectly to breathing (or any contemplative practice): “Any technique, however worthy and desirable, becomes a disease when the mind is obsessed with it.” “The individual is of first importance, not the system. Remember that man created method and not that method created man, an"
(#109) The Oxygen Advantage,"Fri, 10 Mar 2023 09:11:00 +0000",publish,/the-breathing-1/number-109,Breathwork techniques and how-to,"“If you reduce your breathing and properly regulate the amount of air you take in, you will teach your body to breathe more efficiently, and you will become healthier.” - Patrick McKeown, The Oxygen Advantage Our new Book 411 release today is The Oxygen Advantage. Serendipitously, March 12th will be"
"(#11) New Book 411, Holotropic, and High Altitude","Fri, 02 Dec 2022 09:11:00 +0000",publish,/the-breathing-1/number-11,Breathwork techniques and how-to,"“ …the situation of people during Holotropic Breathwork very likely resembles that of being in high mountains , where there is less oxygen and the CO2 level is decreased by compensatory faster breathing… ” - Stanislav and Christina Grof, Holotropic Breathwork Would you guess that breathing more air "
"(#110) The Oldest, Single-Most-Efficient Intervention","Sat, 11 Mar 2023 09:11:00 +0000",publish,/the-breathing-1/number-110,Anxiety and stress,"Here are two of the most powerful sentences I’ve read in a scientific publication (a book chapter, in this case): “Controlled respiration is one of the oldest and certainly the single, most efficient acute intervention for the mitigation and treatment of excessive stress. Any clinician treating pati"
(#111) The Finest Gift of Nature,"Sun, 12 Mar 2023 07:11:00 +0000",publish,/the-breathing-1/number-111,Breathwork techniques and how-to,“ Breath is the finest gift of nature. Be grateful for this wonderful gift.” ” — Amit Ray
(#112) Breathing and Emotions,"Mon, 13 Mar 2023 08:11:00 +0000",publish,/the-breathing-1/number-112,Breathwork techniques and how-to,"To add to the amazing quote we saw on Saturday , here are a couple more I stumbled upon in a 2015 paper that were pretty mind blowing: “Throughout this article we have demonstrated that emotions can affect respiration and respiration can also influence emotions, yet this well-established relationshi"
(#113) The Elegant Structure of the Lungs,"Tue, 14 Mar 2023 08:11:00 +0000",publish,/the-breathing-1/number-113,Focus and performance,"“While the heart has dense striated muscle, and the brain its conglomerated networks of communicating neurons, the lung is a thin, graceful structure of interconnecting fibrous tissue that is beautifully held together with a foamy substance that lubricates its functions in a quiet and effortless man"
(#114) Deep Breathing = Deep Keel,"Wed, 15 Mar 2023 08:11:00 +0000",publish,/the-breathing-1/number-114,Breathwork techniques and how-to,"“Developing inner resources is like deepening the keel of a sailboat so that you're more able to deal with the worldly winds—gain and loss, pleasure and pain, praise and blame, fame and slander—without getting tipped over into the reactive mode. Or at least you can recover more quickly.” - Rick Hans"
(#115) Sattva: My New Seated Breathing Posture,"Thu, 16 Mar 2023 08:11:00 +0000",publish,/the-breathing-1/number-115,Breathwork techniques and how-to,"Note: I know several of you are yoga teachers. As much as I love learning, if the following translation of Sattva (or the posture) is incorrect, please don’t tell me …I’m way too excited about it 😂 😂 😂 “Sattva is a Sanskrit word meaning “hero,” a spiritual hero who works for the benefit of others. B"
(#116) Breathing to Reduce Negative Emotions,"Fri, 17 Mar 2023 08:11:00 +0000",publish,/the-breathing-1/number-116,Breathwork techniques and how-to,"“In view of the close association between respiration, ANS activity, and emotions presented, it is apparent that individuals possess the ability to alter emotional states using the voluntary control of breathing and mindset.” - Self-Regulation of Breathing as a Primary Treatment for Anxiety A new Sc"
(#117) Becoming More Alive,"Sat, 18 Mar 2023 08:11:00 +0000",publish,/the-breathing-1/number-117,Breathwork techniques and how-to,“ Waking up is becoming more alive. The aliveness that’s available to all of you is already here in this moment. It’s life in the form of breathing.” ” — Larry Rosenberg P.S. On weekends I just send a memorable quote as a productive form of mental rest.
(#118) A Source of Support,"Sun, 19 Mar 2023 08:11:00 +0000",publish,/the-breathing-1/number-118,Sleep,"“ The breath is not only a source of support for the physical body; it is also a support for mental, emotional, and spiritual well-being.” ” — Anyen Rinpoche & Allison Zangmo P.S. On weekends I just send a memorable quote as a productive form of mental rest."
(#119) Diverse Tactics for Human Potential,"Mon, 20 Mar 2023 08:11:00 +0000",publish,/the-breathing-1/number-119,Breathwork techniques and how-to,"“The integration of a wide variety of perspectives is necessary for a more complete understanding of the full depths of human potential, as too much focus on a single perspective runs the risk of giving a distorted view of human nature . As Maslow said, ‘I suppose it is tempting, if the only tool yo"
(#12) Beyond Stress Resilience,"Sat, 03 Dec 2022 09:11:00 +0000",publish,/the-breathing-1/number-12,Anxiety and stress,"“ And beyond improving stress resilience, breath practices can restore your sense of being genuinely who you are, of knowing what you feel, of recognizing what others feel, and of being able to experience deep and meaningful connections with people, with your values, and with all that is. ” — Richar"
(#120) Abraham Maslow’s Teaching Philosophy,"Tue, 21 Mar 2023 08:11:00 +0000",publish,/the-breathing-1/number-120,Science 411 study breakdowns,"“Maslow viewed the role of the teacher, therapist, and parent as horticulturists, whose task is to ‘enable people to become healthy and effective in their own style.’ To Maslow, this meant that ‘ we try to make a rose into a good rose, rather than seek to change roses into lilies . . . It necessitat"
"(#121) Slow Breathing, HRV and Mental Health","Wed, 22 Mar 2023 08:11:00 +0000",publish,/the-breathing-1/number-121,Breathwork techniques and how-to,"“Additionally, recent neurocardiology studies have revealed that the heart is capable of secreting feel-good chemicals like dopamine, oxytocin, and norepinephrine, all of which help to counteract feelings of depression. … the notion that the heart can produce these neurochemicals is exciting on many"
(#122) How to Breathe Confidently,"Thu, 23 Mar 2023 08:11:00 +0000",publish,/the-breathing-1/number-122,Breathwork techniques and how-to,"“This is a key point. If we want to do anything with confidence—speak, paint, make love, play tennis, or socialize—then we have to do the work. We have to practice the necessary skills over and over, until they come naturally. … This insight gives us the first “right rule” of the confidence game: RU"
(#123) The Tibetan Yoga of Breath,"Fri, 24 Mar 2023 08:11:00 +0000",publish,/the-breathing-1/number-123,Breathwork techniques and how-to,"“Each time a gust of wind blows over the ocean, ripples and waves cause movement and agitation on the water’s surface. However, when the air is calm, so is the water. It is just so with the mind. The more often we breathe, the more agitated the energy of body and mind becomes. By breathing less freq"
(#124) It's About Re-empowering You,"Sat, 25 Mar 2023 08:11:00 +0000",publish,/the-breathing-1/number-124,Breathwork techniques and how-to,"“ “The practices of breathing and working with your body are about re-empowering you. They’re about connecting you with your own mind, your own body, your own will and your ability to live and to value your life.” ” — Daniel Libby, Ph.D. P.S. On weekends, I just send a memorable quote as a productiv"
(#125) When to Practice,"Sun, 26 Mar 2023 08:11:00 +0000",publish,/the-breathing-1/number-125,Sleep,"“ Practice should not be separated from living, and living at all times should be one’s practice.” ” — Chan master Sheng Yen P.S. I found this quote in Three Steps to Awakening . P.P.S. On weekends, I just send a memorable quote as a productive form of mental rest."
(#126) Endlessly Ending.  Endlessly Renewed,"Mon, 27 Mar 2023 08:11:00 +0000",publish,/the-breathing-1/number-126,Breathwork techniques and how-to,"“One of the most remarkable facts of existence is under our noses all of the time. This is the Now of the present moment: endlessly ending, and endlessly renewed. Radically transient, yet always enduring.” – Rick Hanson, Ph.D., Neurodharma “ Endlessly ending, and endlessly renewed. Radically transie"
(#127) How to Practice Breath Awareness (perfectly),"Tue, 28 Mar 2023 08:11:00 +0000",publish,/the-breathing-1/number-127,Breathwork techniques and how-to,"Yesterday , we learned that breath is presence. So how do we use this info? Here’s the simplest practice you can do anytime, anywhere. Use it once or twice today and notice how it shifts your mind and body for the better: “At this very moment, whether you know it or not, each breath happens right he"
(#128) Changing the Present Moment,"Wed, 29 Mar 2023 08:11:00 +0000",publish,/the-breathing-1/number-128,Contemplative practice and mindfulness,"“Your experience of the present moment is based on the activity of your nervous system at that moment.” – Rick Hanson, Ph.D., Neurodharma I share this quote a lot because it’s succinct yet insanely powerful. It means that when we can change our breath (which changes our nervous system), we change ou"
(#129) Self-Explanation vs. Self-Expression,"Thu, 30 Mar 2023 08:11:00 +0000",publish,/the-breathing-1/number-129,Breathwork techniques and how-to,"One of the best ways to learn a concept is through self-explanation —explaining a concept in your own words using analogies that make sense in your life. But for breathing, one of the best ways to learn a concept is through self-expression —expressing a concept through repeated practice so that it m"
(#13) The Breath is a Mirror,"Sun, 04 Dec 2022 09:11:00 +0000",publish,/the-breathing-1/number-13,Breathwork techniques and how-to,"“ In this way, the breath is like a mirror that shows you the state you are in. ” — Wim Hof P.S. On weekends, I just send a memorable breathing quote for you to enjoy. It’s a productive form of mental rest : ) P.P.S. In case you missed it, a new Book 411 was released yesterday for “ Holotropic Breat"
(#130) The “Embreathment” Illusion (new Science 411),"Fri, 31 Mar 2023 08:11:00 +0000",publish,/the-breathing-1/number-130,Breathwork techniques and how-to,"“This new way of inducing a respiratory bodily illusion, called “embreathment,” revealed that breathing is almost as important as visual appearance for inducing body ownership and more important than any other cue for body agency.” - The “embreathment” illusion highlights the role of breathing in co"
(#131) Turn to Breath Like a Good Friend,"Sat, 01 Apr 2023 08:11:00 +0000",publish,/the-breathing-1/number-131,Breathwork techniques and how-to,"“ Wherever you go, the breath is with you, providing an anchor. At moments that are right for you, you can turn to it just as you might turn to a good friend, to help you stay alert and cut down on the mind’s habitual, unnecessary thinking that often squanders so much energy.” ” — Larry Rosenberg P."
(#132) It’s Surprising More People Don’t Know This,"Sun, 02 Apr 2023 08:11:00 +0000",publish,/the-breathing-1/number-132,Breathwork techniques and how-to,"“ Our breathing can help us in capturing our moments. It’s surprising that more people don’t know about this. After all, the breath is always here, right under our noses.” ” — Jon Kabat-Zinn, Ph.D. P.S. On weekends, I just send a memorable breathing quote for you to enjoy. It’s a productive form of "
(#133) Always Doing Lungwork,"Mon, 03 Apr 2023 08:11:00 +0000",publish,/the-breathing-1/number-133,Breathwork techniques and how-to,"Here’s a neat stat: To perform their vital functions and keep us alive, it’s estimated that the lungs themselves use about 5% of total body oxygen consumption. So, even if we don’t do breathing exercises, we’re always doing lungwork : )"
(#134) Let Emotions Go Cold,"Tue, 04 Apr 2023 08:11:00 +0000",publish,/the-breathing-1/number-134,Contemplative practice and mindfulness,"“Please remember that emotions will always pass. Even if you do not meditate, everything changes and shifts—but often an emotion remains ‘hot’ as it moves along. In dharma language, the critical question to ask is whether the emotions go out hot or cold. In the light of awareness, emotions go out ‘c"
(#135) The Force Applied is Minute,"Wed, 05 Apr 2023 08:11:00 +0000",publish,/the-breathing-1/number-135,Breathwork techniques and how-to,"“In the Art of War, which I used to introduce this book, Sun Tzu offers up a second approach one can use in an unfair fight: “ The force applied is minute but the results enormous. ” Don’t struggle against a brick wall. Find a way to apply the minimum amount of force with the maximum amount of impac"
(#136) Almost Instantaneously,"Thu, 06 Apr 2023 08:11:00 +0000",publish,/the-breathing-1/number-136,Breathwork techniques and how-to,"“Our breathing pattern can have an enormous effect on our psycho-physical state. This means that changing the way we breathe can literally change the way we feel, almost instantaneously. Want to be relaxed? Breathe like you already are.” – Charlie Morley, Wake Up to Sleep I’ve shared passages like t"
(#137) Three Steps to Awakening,"Fri, 07 Apr 2023 08:11:00 +0000",publish,/the-breathing-1/number-137,Breathwork techniques and how-to,"“ The next step is crucial: you give relaxed, careful attention to respiration and to the obvious, often neglected fact that each one of us is breathing. In other words, you are alive! Did you know that?” – Larry Rosenberg, Three Steps to Awakening It’s Friday, so a new 411 is available. This week, "
(#138) Great Adventures Await You,"Sat, 08 Apr 2023 08:11:00 +0000",publish,/the-breathing-1/number-138,Breathwork techniques and how-to,"“ But great adventures await you if you give yourself a little time to string moments of awareness together, breath by breath, moment to moment.” ” — Jon Kabat-Zinn P.S. On weekends, I just send a memorable breathing quote for you to enjoy. It’s a productive form of mental rest : )"
(#139) The Wonders and Benefits that Each Breath Offers,"Sun, 09 Apr 2023 08:11:00 +0000",publish,/the-breathing-1/number-139,Breathwork techniques and how-to,"“ May your adventures be truly great for as long as you take another breath. And may you live long as you seek to discover the wonders and the benefits that each breath has to offer in this, the journey of life.” ” — Rev. Duffy Peet P.S. On weekends, I just send a memorable breathing quote for you t"
(#14) How to Become a World-Class Breather,"Mon, 05 Dec 2022 09:11:00 +0000",publish,/the-breathing-1/number-14,Breathwork techniques and how-to,"“World-class performers are less about complexity and more about optimizing simplicity…It’s about the fundamentals. But small, daily improvements on the fundamentals every day done with ridiculous consistency creates insane revolutions over time.” - Robin Sharma, Optimize Interview Since you’re read"
(#140) Cleaning Windows,"Mon, 10 Apr 2023 08:11:00 +0000",publish,/the-breathing-1/number-140,Breathwork techniques and how-to,"I was cleaning windows at my house the other day. I started on the inside. No matter how clean I got it, it still looked dirty until I cleaned the outside too. It was a reminder for me that no matter how much inner work I do with my breathing practice, I still have to keep the environment around me "
(#140x) Imagine,"Mon, 10 Apr 2023 08:11:00 +0000",draft,/the-breathing-1/number-140-x,Breathwork techniques and how-to,"Imagine if we checked in with our breath as much as we checked our phones. Imagine if, when we checked to see what our fitness devices said, we first checked into our bodies to see how we felt before letting the number decide that for us. It’s fun to imagine…"
(#141) Happy World Breathing Day,"Tue, 11 Apr 2023 08:11:00 +0000",publish,/the-breathing-1/number-141,Breathwork techniques and how-to,"Although every day is World Breathing Day, let’s use this “official” one as a reminder to show gratitude for the fact that we’re alive and breathing, in whatever way is right for you. For me, it’s reading my current favorite quote on breathing: “And beyond improving stress resilience, breath practic"
(#142) Storing Your Breath for Later,"Wed, 12 Apr 2023 08:11:00 +0000",publish,/the-breathing-1/number-142,Breathwork techniques and how-to,"You can store the power of your slow breathing practice for the rest of your day, week, month, and year through increased vagal tone. It’s kind of like a bank account of slow breathing. \In this way, slow breathing is one of the best investments you can make. It gives you an immediate return of a ca"
(#143) A Force-Multiplier for Any Practice,"Thu, 13 Apr 2023 08:11:00 +0000",publish,/the-breathing-1/number-143,Contemplative practice and mindfulness,"“We need a force multiplier, like a power-up in a video game. The attentional force multiplier you need to acquire is your capacity to be meta-aware, to notice. To notice when we are not focused or too focused. To notice when we are mentally elsewhere and not in the here and now. To notice what is h"
(#144) Voluntary Control of Respiration Patterns,"Fri, 14 Apr 2023 08:11:00 +0000",publish,/the-breathing-1/number-144,Breathwork techniques and how-to,"“Any clinician treating patients who manifest excessive stress syndromes should consider controlled respiration as a potentially suitable intervention for virtually all patients.” - Everly and Lating (2019) It’s Friday, so a new Science 411 was just released. Today, we have an awesome one, Voluntary"
(#144) Voluntary Control of Respiration Patterns (Copy),"Fri, 14 Apr 2023 14:23:30 +0000",draft,/the-breathing-1/number-144-9pljc,Breathwork techniques and how-to,"Hey, it’s me for the second time today : ) I'm teaching a new 4-week course called Breathing for Better Mental and Emotional Health. Much of it is inspired by Learning Center Material. It’s going to take place in May during Mental Health Awareness Month. It costs $400, but if you'd like to join, you"
(#145) If Breath Influences Body and Mind…,"Sat, 15 Apr 2023 08:11:00 +0000",publish,/the-breathing-1/number-145,Breathwork techniques and how-to,"“ [I]f breath influences both the body and the mind, not only physical, mental, and emotional states are reflected in the pattern of breath, but through breathing we can also influence our physical, psychological, and spiritual well-being” ” — Patel (1993) P.S. I found this quote in this chapter ."
"(#146) The Majority Said, “The Breathing”","Sun, 16 Apr 2023 08:11:00 +0000",publish,/the-breathing-1/number-146,Breathwork techniques and how-to,"“ When we surveyed several hundred patients who had been out of the stress reduction program for a number of years and asked them what the single most important thing they got out of the program was, the majority said, ‘The breathing.’” ” — Jon Kabat-Zinn, Ph.D. P.S. On weekends, I just send a memor"
(#147) You Cannot Fail at This,"Mon, 17 Apr 2023 08:11:00 +0000",publish,/the-breathing-1/number-147,Breathwork techniques and how-to,"“In fact, in this way of looking at things, there is truly no place else to go , so efforts to get anywhere else are ill conceived. They are bound to lead to frustration and failure. On the other hand, you cannot fail to be where you already are . So you cannot ‘fail’ in your meditation practice if "
(#148) In Anything You Set Out to Do,"Tue, 18 Apr 2023 08:11:00 +0000",publish,/the-breathing-1/number-148,Breathwork techniques and how-to,"“Working memory is where you hold a goal in mind so you can move toward it. By goal…I mean the micro-intentions and deliberate aim of having a desired outcome for each and every task you engage in—all the decisions, planning, thinking, actions, and behaviors you do over the course of a day: anything"
(#149) Can You Use this Truism?,"Wed, 19 Apr 2023 08:11:00 +0000",publish,/the-breathing-1/number-149,Breathwork techniques and how-to,"“Of course, it is a truism that none of us can live without breathing. But can you make use of this truism, so that it helps your contemplative life?” - Larry Rosenberg, Three Steps to Awakening Just a question for you today: How might you use this truism to help your life?"
"(#15) Why All Breathwork Works: The Brain, Lungs, and Speed Dial","Tue, 06 Dec 2022 09:11:00 +0000",publish,/the-breathing-1/number-15,Breathwork techniques and how-to,"“Over thousands of years of evolution, fast and powerful pathways between the respiratory system and the brain have been established. If breathing stops, death occurs within minutes, and so the brain prioritizes messages from the lungs above all others.” - Charley Morley, Wake Up to Sleep This idea "
(#150) Using Neem Karoli’s Advice in Our Practice,"Thu, 20 Apr 2023 08:11:00 +0000",publish,/the-breathing-1/number-150,Breathwork techniques and how-to,"“If someone was following a given inner path, Neem Karoli always encouraged it. From his perspective the main point was that you do your practice— not try to find the ‘very best.’ Whenever Neem Karoli was asked about which path was best, his answer was ‘Sub ek!’—Hindi for ‘They are all one.’ Everyon"
(#151) Peak Mind,"Fri, 21 Apr 2023 08:11:00 +0000",publish,/the-breathing-1/number-151,Focus and performance,"“[I]f you come away from this book with anything, I want it to be a clear sense of how important this is. We’re busy. We’re time-pressured. We are always under the gun. But twelve more minutes of work is simply not going to catch you up as much as sitting quietly, and on purpose, with your breath. ”"
(#152) Our Bodies are Joined with the Planet,"Sat, 22 Apr 2023 08:11:00 +0000",publish,/the-breathing-1/number-152,Breathwork techniques and how-to,"“ Our very bodies are joined with the planet in a continual rhythmic exchange as matter and energy flow back and forth between our bodies and what we call ‘the environment.’ One way this exchange of matter and energy happens is through breathing.” ” — Jon Kabat-Zinn, Ph.D."
(#153) Nose More Important than Vagus Nerve?,"Sun, 23 Apr 2023 08:11:00 +0000",publish,/the-breathing-1/number-153,Nervous system science,"“ The emerging scenario strongly suggests that the effects of SNB [slow nasal breathing], beyond the relative contribution of vagal stimulation, are mainly ascribable to olfactory epithelium stimulation.” ” — Zaccaro et al. (2022), Neural Correlates of Non-ordinary States of Consciousness in Pranaya"
(#154) You’re More Alive (and live longer),"Mon, 24 Apr 2023 08:11:00 +0000",publish,/the-breathing-1/number-154,Contemplative practice and mindfulness,"“You're more alive when body and breath are permeated with the energy of awareness.” – Larry Rosenberg, Three Steps to Awakening Remember, we are only present about 50% of the time (see the 1 life-changing idea here ). When we bring awareness to more moments by bringing awareness to our breath, we n"
"(#155) More Human, Not Superhuman","Tue, 25 Apr 2023 08:11:00 +0000",publish,/the-breathing-1/number-155,Breathwork techniques and how-to,"“It’s very intuitive: If we breathe better…we can deliver more oxygen to our muscles and organs, including the heart and brain, and thus heighten our physical capacity. All we’re really doing is assisting the body in working the way it was meant to work in the first place. ” – Patrick McKeown, The O"
(#156) Upward Spirals in Your Life,"Wed, 26 Apr 2023 08:11:00 +0000",publish,/the-breathing-1/number-156,Breathwork techniques and how-to,"“In fact, science documents that positive emotions can set off upward spirals in your life, self-sustaining trajectories of growth that lift you up to become a better version of yourself.” – Barbara Fredrickson, Ph.D., Love 2.0 This is the real power of slow breathing. By using your practice to regu"
(#157) It Actually Worked Perfectly,"Thu, 27 Apr 2023 08:11:00 +0000",publish,/the-breathing-1/number-157,Sleep,"I was so tired this past Saturday night that I fell asleep twice during my nighttime breathing practice. Then, right when it finished, and I was about to fall asleep for good, I thought, “Oh s***, there was a huge package in front of the neighbor’s door!” I knew they were out of town, so I didn’t wa"
(#158) Nasal vs. Vagal Stimulation during Slow Breathing,"Fri, 28 Apr 2023 08:11:00 +0000",publish,/the-breathing-1/number-158,Breathwork techniques and how-to,"It’s Friday, so we have a new 411 available. As promised on Sunday, it’s on a 2022 paper exploring the differences between vagal stimulation by itself and vagal & nasal stimulation together during slow breathing. It was an amazing paper to read . Here was my 1 Big Takeaway from it: Slow nasal breath"
"(#159) Thought, Emotion, and Behavior","Sat, 29 Apr 2023 08:11:00 +0000",publish,/the-breathing-1/number-159,Focus and performance,"“ Messages from the respiratory system have rapid, powerful effects on major brain centers involved in thought, emotion, and behavior.” ” — Patricia Gerbarg, MD, and Dr. Richard Brown, MD"
(#16) Natural Resistance Breathing: Aquatic Exercise Strengthens Breathing Muscles,"Wed, 07 Dec 2022 09:11:00 +0000",publish,/the-breathing-1/number-16,Breathwork techniques and how-to,"“The lungs are receiving a greater volume of blood as well, which, combined with the pressure that water exerts on the chest wall, makes them work harder to breathe—approximately 60% harder than on land. This means that aquatic exercise can strengthen the respiratory muscles and improve their effici"
(#160) Thinking is Entangled with Respiration,"Sun, 30 Apr 2023 08:11:00 +0000",publish,/the-breathing-1/number-160,Breathwork techniques and how-to,"“ Thanks to the regulation of breathing patterns, patterns in our thinking are not just affected, but revealed, together with their entanglement with respiration.” ” — Marco Bernini"
(#161) Turbulence &amp; Contemplative Practices,"Mon, 01 May 2023 08:11:00 +0000",publish,/the-breathing-1/number-161,Contemplative practice and mindfulness,"When you’re flying and hit turbulence, you’re told to put on your seatbelt. It’s reactive. It’s similar to when turbulence hits in our lives. We react and start eating healthy or exercising more. But the regular use of contemplative practices like breathing and meditation are proactive. They help yo"
(#162) Air Candy,"Tue, 02 May 2023 08:11:00 +0000",publish,/the-breathing-1/number-162,Breathwork techniques and how-to,Gratitude turns an ordinary breath into air candy.
(#163) Voice as Meditation,"Wed, 03 May 2023 08:11:00 +0000",publish,/the-breathing-1/number-163,Contemplative practice and mindfulness,"“In the beginning was the voice. Voice is sounding breath, the audible sign of life.” – Otto Jespersen Treating voice as breath—so obvious, yet I hadn’t thought about it until reading this in Breath Taking —is another way to bring mindfulness into your day. When you’re listening to music or to a per"
(#164) Why Dr. Weil Recommends Breathing to Everyone,"Thu, 04 May 2023 08:11:00 +0000",publish,/the-breathing-1/number-164,Breathwork techniques and how-to,"“I recommend breath work to almost all patients that I see because, in my experience, stress is a primary cause (or an aggravating cause) of most cases of illness. And even if people have diseases that clearly have organic physical causes, relaxation can nonetheless benefit them and help their body’"
(#165) Full Catastrophe Living,"Fri, 05 May 2023 08:11:00 +0000",publish,/the-breathing-1/number-165,Focus and performance,"“Right in the simple old breath…lies a completely overlooked source of power to transform our lives. All we need to do to make use of it is to deepen our attentional skills and our patience.” – Jon Kabat-Zinn, Ph.D., Full Catastrophe Living It’s Friday, so a new 411 has been released. This week it i"
(#166) The Heart of All Life,"Sat, 06 May 2023 08:11:00 +0000",publish,/the-breathing-1/number-166,Focus and performance,"“ In addition, the mental component of breath is a sense of rhythmic expansion and contraction. And I think that connects us to every other living thing because all living organisms breathe. So that same rhythm is at the center of the heart of all life.” ” — Andrew Weil, MD"
(#167) The Paradox of a Lifetime,"Sun, 07 May 2023 08:11:00 +0000",publish,/the-breathing-1/number-167,Other,"“ Paradoxically, it takes time to become what we already are.” ” — Rick Hanson, Ph.D."
(#168) Which is Better to Have?,"Mon, 08 May 2023 08:11:00 +0000",publish,/the-breathing-1/number-168,Other,"“Is there a separation between body and mind, and if so which is it better to have?” — Woody Allen That’s a fun, hypothetical question to consider… Sometimes a bit of humor is the best way to highlight the irrationality of an argument 😊"
(#169) Water &amp; Breath,"Tue, 09 May 2023 08:11:00 +0000",publish,/the-breathing-1/number-169,Breathwork techniques and how-to,"“Petr Janata…is a cognitive neuroscientist and expert on music in the brain. He theorizes that the low frequency of the sound of water, coupled with its rhythmic nature, is similar to the frequency and rhythm of human breath. …‘If I ask you to close your eyes and turn on a recording of the ocean, I "
(#17) Exercise Your Rich Inner Core (not your abs or diaphragm),"Thu, 08 Dec 2022 09:11:00 +0000",publish,/the-breathing-1/number-17,Breathwork techniques and how-to,"“ More and more, I became convinced that our bodies are wired to benefit from exercising not only our muscles but our rich inner, human core — our beliefs, values, thoughts, and feelings. ” - Herbert Benson, MD, Timeless Healing What better way to exercise and express those than a daily self-care ri"
(#170) The Only Thing We Can Master,"Wed, 10 May 2023 08:11:00 +0000",publish,/the-breathing-1/number-170,Breathwork techniques and how-to,"“The only thing that we can control and master is our own spiritual path.” - Anyen Rinpoche & Allison Choying Zangmo Sometimes I think, “If I could only talk to this person, I could help them.” Or, “If only people would stop watching the news so much, we’d all be a lot nicer to each other.” But this"
(#171) How to Find the Perfect Practice,"Thu, 11 May 2023 08:11:00 +0000",publish,/the-breathing-1/number-171,Breathwork techniques and how-to,"If you studied basketball in great detail, you could probably find a lot of health benefits. If you studied surfing in great detail, you could probably find a lot of health benefits. If you studied tennis in great detail, you could probably find a lot of health benefits Likewise: If you study slow b"
(#172) Slow Breathing May Reduce Risk of Alzheimer’s,"Fri, 12 May 2023 08:11:00 +0000",publish,/the-breathing-1/number-172,Breathwork techniques and how-to,"“As far as we can tell from the published literature and ClinicalTrials.gov searches, this study provides the first evidence of a behavioral intervention that reduces Aβ levels (measured with plasma, CSF or PET) compared to a randomized control group.” – Nature Sci Rep (2023) This week’s 411 is on a"
"(#173) Child-like Mental Flexibility, Adult-like Purpose","Sat, 13 May 2023 08:11:00 +0000",publish,/the-breathing-1/number-173,Focus and performance,"“ The breathing will seamlessly bring you back to the natural mental and emotional flexibility you had as a child, but with the direction and purpose you have as an adult.” ” — Richard Brown, MD, and Patricia Gerbarg, MD P.S. On weekends, I just send a memorable breathing quote for you to enjoy. It’"
(#174) Our Highest Form of Love,"Sun, 14 May 2023 08:11:00 +0000",publish,/the-breathing-1/number-174,Focus and performance,"“ Attention, both its receptive and concentrative forms, is not only a precious brain resource—it’s a currency, one of our most valuable currencies. The people in our lives notice what, where, and who we spend it on. Attention, in a lot of ways, is our highest form of love.” ” — Amishi Jha, Ph.D. P."
(#175) One Sentence on Gratitude &amp; Breathing,"Mon, 15 May 2023 08:11:00 +0000",publish,/the-breathing-1/number-175,Breathwork techniques and how-to,Slow breathing is to breathing exercises what gratitude is to journaling.
(#176) The Curation Meditation,"Tue, 16 May 2023 08:11:00 +0000",publish,/the-breathing-1/number-176,Contemplative practice and mindfulness,"Here’s a way to make meditation fun: Instead of focusing on one object, try to “curate your thoughts.” Watch them all go by and see if you can find any good ones. Your mind thinks; you just listen for the fun and exciting stuff. We can call it The Curation Meditation : ) *** P.S. In my newsletter on"
(#177) The Breathing Pole Vaulter,"Wed, 17 May 2023 08:11:00 +0000",publish,/the-breathing-1/number-177,Breathwork techniques and how-to,"“Listening to them, one image that came to mind was that of the polevaulter. At first, the athlete needs a pole to propel him or herself to a great height. At a certain point, the athlete has to release the pole and just jump. ” – Larry Rosenberg, Three Steps to Awakening This is an excellent analog"
"(#178) Breathing, Brandy, and Wine: An Analogy","Thu, 18 May 2023 08:11:00 +0000",publish,/the-breathing-1/number-178,Breathwork techniques and how-to,"“That’s a very interesting clue as to the meaning of spirit, and I think that it’s possible to look at breath in relation to body in the same way that we could look at Brandy in relation to wine. That breath represents the concentrated, distilled essence of being. And that it is nonphysical, it is i"
(#179) Altered Traits,"Fri, 19 May 2023 08:11:00 +0000",publish,/the-breathing-1/number-179,Breathwork techniques and how-to,"“As practice continues and breathing becomes progressively slower, the body adjusts its physiological set point for its respiratory rate accordingly. That’s a good thing. While chronic rapid breathing signifies ongoing anxiety, a slower breath rate indicates reduced autonomic activity, better mood, "
(#18) New Science 411 (a must-read): The Famous 10-18% Nasal Breathing Study,"Fri, 09 Dec 2022 09:11:00 +0000",publish,/the-breathing-1/number-18,Breathwork techniques and how-to,"“ We here show that arterial oxygenation is improved in healthy awake subjects during nasal breathing as compared with mouth breathing. ” - Lundberg et al. (1996) It’s Friday, so a new Science 411 is now available. It’s the study behind the “ nose breathing increases oxygenation ” line you see every"
(#180) A Shadow of Happiness,"Sat, 20 May 2023 08:11:00 +0000",publish,/the-breathing-1/number-180,Other,"“ We are what we think, all that we are arises with our thoughts, with our thoughts we make the world. Speak or act with a pure mind, and happiness will follow you as your shadow, unshakable.” ” — Buddha"
(#181) Focusing on Others,"Sun, 21 May 2023 08:11:00 +0000",publish,/the-breathing-1/number-181,Focus and performance,"“ Sharing another person’s feelings of distress need not be a downer. As Dr. Aaron Beck…has said, when you focus on someone else’s suffering, you forget your own troubles.” ” — Daniel Goleman, Ph.D. & Richard Davidson, Ph.D."
(#182) Ongoing Awareness,"Mon, 22 May 2023 08:11:00 +0000",publish,/the-breathing-1/number-182,Contemplative practice and mindfulness,"“Our breathing has the added virtue of being a very convenient process to support ongoing awareness in our daily lives. As long as we are alive, it is always with us. We can’t leave home without it.” – Jon Kabat-Zinn, Ph.D., Full Catastrophe Living Let’s make sure we check in on this “very convenien"
(#183) A Natural Antioxidant,"Tue, 23 May 2023 08:11:00 +0000",publish,/the-breathing-1/number-183,Breathwork techniques and how-to,"A 2017 study had type-1 diabetics breathe extra oxygen. Blood pressure and arterial stiffness increased, indicating a rise in oxidative stress . Then, they had them breathe extra oxygen again, but this time while breathing slowly at 6 breaths a minute. Slow breathing offset the harmful effects of ex"
(#184) Laughing Monks: A Story to Contemplate,"Wed, 24 May 2023 08:11:00 +0000",publish,/the-breathing-1/number-184,Contemplative practice and mindfulness,"“For example, when Varela put on an EEG cap, which uses electrodes to measure electrical activity in the brain, monks from the Institute of Buddhist Dialectics in Dharamsala laughed and said, ‘How could we be measuring anything to do with the mind by putting a cap on the head? The mind is here!’—poi"
(#185) One of My New Favorite Words,"Thu, 25 May 2023 08:11:00 +0000",publish,/the-breathing-1/number-185,Focus and performance,"“People talk a lot about resilience. What you’ll learn in this book is really about what I call “pre-silience.” Resilience means bouncing back from adversity. But what we want is to train our minds so that we maintain our capacities even as we are experiencing challenge .” – Amishi Jha, Ph.D., Peak "
(#186) Amplifying Benefits: Mindfulness + Slow Breathing,"Fri, 26 May 2023 08:11:00 +0000",publish,/the-breathing-1/number-186,Breathwork techniques and how-to,"It’s Friday, so a new 411 is available : Acute fall and long-term rise in oxygen saturation in response to meditation. Hundreds (maybe thousands) of studies have been performed on slow breathing. From my understanding, the most significant adverse effect that’s ever been discovered from this researc"
(#187) Rhythm of the Mind,"Sat, 27 May 2023 08:11:00 +0000",publish,/the-breathing-1/number-187,Breathwork techniques and how-to,"“Gandhi used to walk for miles every day repeating it to himself until the rhythm of the mantram and his footsteps began to stabilize the rhythm of his breathing, which is closely connected with the rhythm of the mind.” – Eknath Easwaran P.S. Speaking of mantras, don’t forget to check out the new Sc"
(#188) Be Devoted,"Sun, 28 May 2023 08:11:00 +0000",publish,/the-breathing-1/number-188,Breathwork techniques and how-to,"“Be devoted to the breath and renounce everything else.” – Eugene Cash P.S. Not all the time, of course, but for short, dedicated periods : )"
(#189) Toward Our Better Nature,"Mon, 29 May 2023 08:11:00 +0000",publish,/the-breathing-1/number-189,Contemplative practice and mindfulness,"“As we see it, the most compelling impacts of meditation are not better health or sharper business performance but, rather, a further reach toward our better nature.” - Daniel Goleman, Ph.D. & Richard Davidson, Ph.D., Altered Traits I think this is true of any contemplative practice: meditation, bre"
(#19) Circulating Spirit,"Sat, 10 Dec 2022 09:11:00 +0000",publish,/the-breathing-1/number-19,Breathwork techniques and how-to,"“ If the spirit is circulating, the breath is circulating. If the spirit stays still then the breath remains, too. ” — The Primordial Breath, Volume I P.S. On weekends, I just send a memorable breathing quote for you to enjoy. It’s a productive form of mental rest : )"
(#190) The Tip (or nose) of the Iceberg,"Tue, 30 May 2023 08:11:00 +0000",publish,/the-breathing-1/number-190,Breathwork techniques and how-to,"“The nose you see on your face comprises approximately 30 percent of its volume. It is the tip of the iceberg, so to speak, with the remaining 70 percent of the nasal cavity set deep within the skull.” – Patrick McKeown, The Oxygen Advantage Just some neat numbers today to remind us of how amazing o"
(#191) Loud Breathing in Yoga: Beyond Respiratory Physiology?,"Wed, 31 May 2023 08:11:00 +0000",publish,/the-breathing-1/number-191,Breathwork techniques and how-to,"In The Joy of Movement , Kelly McGonigal has a fascinating passage about how loud breathing during yoga might be a critical component of social bonding and group flow: “Studies show that yoga, like dancing, can create social bonds. … The breath becomes the beat that drives the flow of poses, and the"
(#192) Breathing vs. Intention&nbsp;,"Thu, 01 Jun 2023 08:11:00 +0000",publish,/the-breathing-1/number-192,Breathwork techniques and how-to,"“Under normal circumstances, these conditions are considered damaging and would require medical care. (//) But something else happens when we practice these techniques willingly, when we consciously push our bodies into these states for a few minutes, or hours, a day. In some cases, they can radical"
(#193) The Healing Power of Meditation,"Fri, 02 Jun 2023 08:11:00 +0000",publish,/the-breathing-1/number-193,Contemplative practice and mindfulness,"“What if learning how to inhabit silence and stillness and awareness—especially when you do so with kindness, with patience, and with self-compassion—is itself healing?” – Jon Kabat-Zinn, Ph.D., The Healing Power of Meditation It’s Friday, so we have a new 411 available: The Healing Power of Meditat"
(#194) The Hardest Thing in the World,"Sat, 03 Jun 2023 08:11:00 +0000",publish,/the-breathing-1/number-194,Contemplative practice and mindfulness,"""The hardest thing in the world is to simplify your life because everything is pulling you to be more and more complex."" - Yvon Chouinard P.S. On weekends, I just send a memorable quote for you to enjoy & contemplate : )"
(#195) Gaining Mind Mastery,"Sun, 04 Jun 2023 08:11:00 +0000",publish,/the-breathing-1/number-195,Breathwork techniques and how-to,"“So what makes breathing so effective? It’s very difficult to talk your way out of strong emotions like stress, anxiety, or anger…But with breathing techniques, it is possible to gain some mastery over your mind.” - Harvard Business Review, Research: Why Breathing Is So Effective at Reducing Stress"
(#196) What Emotions (and breathing) Show Us,"Mon, 05 Jun 2023 08:11:00 +0000",publish,/the-breathing-1/number-196,Breathwork techniques and how-to,"“‘Emotions show us where to direct our attention. Rather than obscure the path, they can clarify and sharpen it.’ (//) In other words, emotions tell us about what matters to us.” – Erika Rosenberg, Ph.D., The Healing Power of Meditation That’s an amazing way to reframe emotions. Rather than being so"
(#197) Neuroplasticity &amp; the Gratitude Breath,"Tue, 06 Jun 2023 08:11:00 +0000",publish,/the-breathing-1/number-197,Breathwork techniques and how-to,"“Every time you take in the good, you build a little bit of neural structure. Doing this a few times a day—for months and even years—will gradually change your brain, and how you feel and act, in far-reaching ways.” – Rick Hanson, Ph.D., Buddha’s Brain Here’s a simple way to take in the good—that is"
(#198) Become More Fortunate,"Wed, 07 Jun 2023 08:11:00 +0000",publish,/the-breathing-1/number-198,Breathwork techniques and how-to,"“The most fortunate are those who have a wonderful capacity to appreciate again and again, freshly and naively, the basic goods of life, with awe, pleasure, wonder and even ecstasy.” – Abraham Maslow Yesterday , we learned a simple 1-2 breath gratitude practice. What better way to appreciate again a"
(#199) The Real-Life Power of Contemplative Practice,"Thu, 08 Jun 2023 08:11:00 +0000",publish,/the-breathing-1/number-199,Contemplative practice and mindfulness,"“We will be doing this so that rather than destroying us or robbing us of our power and our hope, the storms of life will strengthen us as they teach us about living, growing, and healing in a world of flux, change, and sometimes great pain.” – Jon Kabat-Zinn, Full Catastrophe Living Of course, ther"
(#2) The Four Qualities of Breath We Want to Develop to Feel Better,"Wed, 23 Nov 2022 09:11:00 +0000",publish,/the-breathing-1/number-2,Breathwork techniques and how-to,"“One of the essential techniques that I distill from this body of knowledge about pranayama is that the qualities of breath that you want to develop are to make it deeper, slower, quieter, and more regular.” - Andrew Weil, MD, Breathing: The Master Key to Self Healing These are the qualities we want"
(#20) Releasing Tensions,"Sun, 11 Dec 2022 09:11:00 +0000",publish,/the-breathing-1/number-20,Breathwork techniques and how-to,"“ Our breathing is designed to help us release any tensions that have become so much a part of us that we no longer sense their presence. ” — Carla Melucci Ardito P.S. On weekends, I just send a memorable breathing quote for you to enjoy. It’s a productive form of mental rest : )"
(#200) How Nasal Breathing Counteracts Gravity,"Fri, 09 Jun 2023 08:11:00 +0000",publish,/the-breathing-1/number-200,Breathwork techniques and how-to,"“In this work, we have demonstrated that nasal breathing counteracts the effects of gravity on pulmonary blood flow in the upright position by redistribution of blood to the nondependent lung regions.” – Sánchez Crespo et al. (2010) It’s Friday, so a new 411 was just released. In this one, you’ll le"
(#201) Since Earliest History…,"Sat, 10 Jun 2023 08:11:00 +0000",publish,/the-breathing-1/number-201,Personal and newsletter style,"“Since earliest history, virtually every major psychospiritual system seeking to comprehend human nature has viewed breath as a crucial link between the material world, the human body, the psyche, and the spirit.” — Stanislav & Christina Grof P.S. On weekends, I just send a memorable quote for you t"
(#202) All Persons Going to Sleep Should Think,"Sun, 11 Jun 2023 08:11:00 +0000",publish,/the-breathing-1/number-202,Sleep,"“All persons going to sleep should think, not of their business, not of their riches or poverty, their pains or their pleasures, but, of what are of infinitely greater importance to them, their lungs; their best friends, that have kept them alive through the day.” — George Catlin P.S. On weekends, I"
(#203) Why We Use the Breath for Attention,"Mon, 12 Jun 2023 08:11:00 +0000",publish,/the-breathing-1/number-203,Focus and performance,"“…we use the breath for a couple of important reasons: It anchors us in the body. It allows us to experience the body sensations that are unfolding in real time as we breathe, in the here and now. This helps us more easily catch when our minds have wandered away from these sensations to thoughts abo"
(#204) Flip the Script,"Tue, 13 Jun 2023 08:11:00 +0000",publish,/the-breathing-1/number-204,Breathwork techniques and how-to,"“When we create conditions that are ideal for deep rest—feeling safe, engaging in a mind-body practice, or being in nature—our breathing will often change naturally as the body adjusts. Today, we flip that. We start with the breath . When we practice the kind of breathing our body wants to do in a d"
(#205) Seeing More Joy,"Wed, 14 Jun 2023 08:11:00 +0000",publish,/the-breathing-1/number-205,Breathwork techniques and how-to,Doing a deliberate slow nasal breathing practice first thing every morning is like putting on joy contacts to start your day.
(#206) Enhancing Life Outside of Practice,"Thu, 15 Jun 2023 08:11:00 +0000",publish,/the-breathing-1/number-206,Breathwork techniques and how-to,"“We expand our inner presence and relaxation…and, over time, we find more and more of that inner expansion and relaxation in daily life. The same is true of doing deep meditation (more inner silence in life), yoga postures (more flexibility in life) and other yoga practices on a daily basis. It all "
(#207) The Stress Prescription,"Fri, 16 Jun 2023 08:11:00 +0000",publish,/the-breathing-1/number-207,Anxiety and stress,"“It’s quite amazing: we can control our breath, which means we can control the state of our autonomic nervous system and even our state of consciousness. By altering our breath, we also influence our emotional state, pushing us toward calm, joy, and equanimity.” – Elissa Epel, Ph.D., The Stress Pres"
(#208) Right in the Simple Old Breath,"Sat, 17 Jun 2023 08:11:00 +0000",publish,/the-breathing-1/number-208,Breathwork techniques and how-to,“Right in the simple old breath…lies a completely overlooked source of power to transform our lives. All we need to do to make use of it is to deepen our attentional skills and our patience.” – Jon Kabat-Zinn
(#21) &nbsp;Is this the Most Therapeutic Breathing Exercise?,"Mon, 12 Dec 2022 09:11:00 +0000",publish,/the-breathing-1/number-21,Breathwork techniques and how-to,The best (and most therapeutic) form of mouth breathing is ________. Laughter. It may be the most therapeutic “breathing exercise” of all 😊 Don’t forget to practice it today.
(#22) Breath is Medicine,"Tue, 13 Dec 2022 09:11:00 +0000",publish,/the-breathing-1/number-22,Breathwork techniques and how-to,"“Medicine and medication both derive from an ancient Indo-Iranian root meaning something like ‘thoughtful action to establish order’; the same root gives us the words measure and meditate.” - Andrew Weil, MD, Mind Over Meds If “medicine” literally means something like “thoughtful action,” then mindf"
(#23) Suffering vs Peace: Who’s Breath Are You Focusing On?,"Wed, 14 Dec 2022 09:11:00 +0000",publish,/the-breathing-1/number-23,Breathwork techniques and how-to,"The more you learn about breathing, the more you’ll notice how poorly everyone else does it. And it’s natural to want to fix them . But let’s remember that trying to change others will lead to suffering. Focusing on what you can control—your breath—will lead to peace."
"(#24) How to Experience More Awe, Gratitude, &amp; Joy","Thu, 15 Dec 2022 09:11:00 +0000",publish,/the-breathing-1/number-24,Breathwork techniques and how-to,"“University of North Carolina psychologists Barbara Frederickson, PhD, and Bethany Kok, PhD, demonstrated this beautifully when they asked 52 adults to track their positive emotions—awe, gratitude, joy—for 9 weeks. They found that the higher a subject’s HRV was at the beginning, the easier and more "
(#25) New Book 411: The Healing Power of the Breath,"Fri, 16 Dec 2022 09:11:00 +0000",publish,/the-breathing-1/number-25,Breathwork techniques and how-to,"“Rather than write an exhaustive book with hundreds of breath practices, we have selected a few that are easy to teach, easy to learn, safe, rapidly effective, and useful in many different aspects of life.” - The Healing Power of the Breath It’s Friday, so a new 411 is now available. I’m super excit"
(#26) Offering Ourselves to the World,"Sat, 17 Dec 2022 09:11:00 +0000",publish,/the-breathing-1/number-26,Breathwork techniques and how-to,"“ Breathing involves a continual oscillation between exhaling and inhaling, offering ourselves to the world at one moment and drawing the world into ourselves at the next. ” — David Abram P.S. At the Skill of Stress course I recently attended, one of my favorite teachers, Emily Hightower, said somet"
(#27) A Mysterious and Mystical Organ,"Sun, 18 Dec 2022 09:11:00 +0000",publish,/the-breathing-1/number-27,Other,"“ The lungs are a mysterious and even mystical organ. They are our connection to the atmosphere, the organ that extracts the life force we need to exist.” ” — Michael J Stephen, MD"
(#28) 3 Breaths that Changed David Goggins' Life,"Mon, 19 Dec 2022 09:11:00 +0000",publish,/the-breathing-1/number-28,Breathwork techniques and how-to,"In his new book, Never Finished , David Goggins says that the first freezing wave that hit him in Hell Week almost sent him home: “ I was a half-step from voluntarily pulling the plug on a dream that had the power to change the course of my entire life. ” Enter the power of the breath: “ In order to"
(#29) Thich Nhat Hanh on Finding the Best Practice for You,"Tue, 20 Dec 2022 09:11:00 +0000",publish,/the-breathing-1/number-29,Breathwork techniques and how-to,"“Only by using your intelligence and putting the teachings into practice can they bring you happiness. Please base your practice on your own life and your own experiences — your successes and your failures.” - Thich Nhat Hanh, The Heart of the Buddha’s Teaching Although this passage is about practic"
(#3) Why Breathing Seems Like a Panacea (maybe it is?),"Thu, 24 Nov 2022 09:11:00 +0000",publish,/the-breathing-1/number-3,Breathwork techniques and how-to,"“Your body has numerous major systems, including the endocrine (hormone), cardiovascular, immune, gastrointestinal, and nervous systems. If you want to use the mind-body connection to lower your stress, cool the fires, and improve your long-term health, what’s the optimal point of entry into all the"
(#30) Our Lungs and the Possibilities of the World,"Wed, 21 Dec 2022 09:11:00 +0000",publish,/the-breathing-1/number-30,Breathwork techniques and how-to,"“Our lungs developed to utilize oxygen and efficiently drive our metabolic reactions. We are aerobic creatures, and if the lungs are our most important organ, then oxygen is the most important gas in the atmosphere. […] With oxygen, the possibilities of the world opened up. ” - Michael J Stephen, MD"
(#31) Do This When Life Gets Complicated: Two Hours instead of One,"Thu, 22 Dec 2022 09:11:00 +0000",publish,/the-breathing-1/number-31,Breathwork techniques and how-to,"“When life gets complicated, lean into these practices, as they’re how you get the creativity needed to untangle the complicated.” - Steven Kotler, The Art of Impossible Although Kotler isn’t talking about breathing per se, it’s still a great reminder that when life gets absurdly busy, we should lea"
(#32) Breathing for Better Blood Pressure (new science 411),"Fri, 23 Dec 2022 09:11:00 +0000",publish,/the-breathing-1/number-32,Breathwork techniques and how-to,“This review concluded that diaphragmatic deep breathing could significantly improve autonomic dysfunction in patients with prehypertension and hypertension by lowering BP and HR. Such a breathing technique may produce a beneficial psychological effect on prehypertensive and hypertensive adults.” - 
(#33) Anxiety With and Without the Breath,"Sat, 24 Dec 2022 09:11:00 +0000",publish,/the-breathing-1/number-33,Breathwork techniques and how-to,“ Anxiety is often excitement and anticipation without the breath.” ” — Michael Port P.S. On weekends I just send a memorable breathing quote. It’s a productive form of mental rest : )
(#34) Thus Spirit = Breath = Life,"Sun, 25 Dec 2022 09:11:00 +0000",publish,/the-breathing-1/number-34,Breathwork techniques and how-to,"“ Thus spirit = breath = life, the aliveness and power of your life, and to speak of your spirit (or soul) is to speak of the power of life that is in you.” ” — Frederick Buechner P.S. Merry Christmas and Happy Holidays!"
(#35) Breathing Exercises Lower Inflammation and Change Gene Expression,"Mon, 26 Dec 2022 09:11:00 +0000",publish,/the-breathing-1/number-35,Breathwork techniques and how-to,"“In those who practice breathing exercises, levels of inflammatory proteins in the blood are significantly lower, especially under certain types of stress. Mobilizing the power of the breath has also been shown to turn on anti-inflammatory genes and turn off pro-inflammatory ones, including genes th"
(#36) It Doesn’t Have to Be Breathing (here’s why most methods work),"Tue, 27 Dec 2022 09:11:00 +0000",publish,/the-breathing-1/number-36,Breathwork techniques and how-to,"Yesterday, we talked about how using slow breathing to evoke the relaxation response does all sorts of good things, like lowering inflammation & stress hormones. But, really, any method that evokes the relaxation response will work. Here’s how Wayne Jonas, MD, puts it in his excellent book How Heali"
(#37) How to Easily Access Presence (with or w/o breathing),"Wed, 28 Dec 2022 09:11:00 +0000",publish,/the-breathing-1/number-37,Breathwork techniques and how-to,"“But learning new skills is also one of the best ways to enhance awareness of the present moment […] New situations kill the mental clutter. In newness we’re forced into presence and focus.” - Michael Easter, The Comfort Crisis This is why our first time doing anything (breathing, meditation, surfin"
(#38) Change Your Story: “The Mind Narrates what the Nervous System Knows”,"Thu, 29 Dec 2022 09:11:00 +0000",publish,/the-breathing-1/number-38,Nervous system science,"“We live a story that originates in our on autonomic state, is sent through autonomic pathways from the body to the brain, and is then translated by the brain into the beliefs that guide our daily living . The mind narrates what the nervous system knows. Story follows state.” - Deb Dana, The Polyvag"
(#39) Wim Hof Wisdom Bundle (bonus gifts),"Fri, 30 Dec 2022 09:11:00 +0000",publish,/the-breathing-1/number-39,Breathwork techniques and how-to,"I have a few end-of-the-year bonuses for you. Instead of getting one Book 411, you’re getting a Book 411 and four Science 411s on Wim Hof’s method. I’m calling it the Wim Hof Wisdom Bundle. Click the link to access all the wisdom (it’s also available from the Member’s Home Page). Enjoy! *** P.S. I w"
(#4) The #1 Breathing Fundamental,"Fri, 25 Nov 2022 09:11:00 +0000",publish,/the-breathing-1/number-4,Breathwork techniques and how-to,"“Taken together, these results confirm that nasal stimulation represents the fundamental link between slow breathing techniques, brain and autonomic activities and psychological/behavioral outputs.” - Zaccaro et al. (2018) If you’re reading this, you’re probably aware of the importance of nasal brea"
(#40) A 30-Second Thought Experiment Bound to Improve Your Life,"Sat, 31 Dec 2022 09:11:00 +0000",publish,/the-breathing-1/number-40,Other,"(1) Bring to mind someone you would die for—no hesitation, no questions asked. (2) Now ask yourself: Would you live for this person? Would you start that one thing you know you should be doing? ( Yes, that one .) Would you give up that one thing you know you shouldn’t be doing? ( Only you know which"
(#41) A Breath of Unity,"Sun, 01 Jan 2023 09:11:00 +0000",publish,/the-breathing-1/number-41,Breathwork techniques and how-to,"“ Each new breath creates a unity of life as all people share the nourishment that the earth’s atmosphere freely offers.” ” — Barbara Fredrickson, Ph.D. Extra: 23 One-Sentence Breathing Ideas for 2023 For the New Year, here are 23 one-sentence breathing ideas for 2023. Enjoy!"
(#42) An Acid for Digesting Oxygen,"Mon, 02 Jan 2023 09:11:00 +0000",publish,/the-breathing-1/number-42,Breathwork techniques and how-to,"“Oxygen is what we breathe in. CO2 is what we internally produce in order to allow us to use that oxygen most efficiently.” - David Bidler, Breathe to Perform That’s an awesome way to look at it. And while not technically accurate, we could even say: Your body produces stomach acids to digest food. "
(#43) Breathwalking in its Simplest Form,"Tue, 03 Jan 2023 09:11:00 +0000",publish,/the-breathing-1/number-43,Breathwork techniques and how-to,"“Breathwalk at its very simplest means putting breathing patterns and walking together into a carefully and beautifully timed single, synchronized movement. It is walking harmonized with breathing.” - Gurucharan Singh Khalsa, Ph.D., and Yogi Bhajan, Ph.D., Breathwalk Breathwalking is a great way to "
(#44) High Vagal Tone = High Loving Potential,"Wed, 04 Jan 2023 09:11:00 +0000",publish,/the-breathing-1/number-44,Breathwork techniques and how-to,"“ High vagal tone, then, can be taken as high loving potential . … Compared to people with lower vagal tone, those with higher vagal tone experience more love in their daily lives, more moments of positivity resonance.” - Barbara Fredrickson, Love 2.0 High vagal tone = high loving potential. That’s "
(#45) More Breathing Residue,"Thu, 05 Jan 2023 09:11:00 +0000",publish,/the-breathing-1/number-45,Breathwork techniques and how-to,"When we switch from one task to another, our attention doesn't magically follow. Some of it remains stuck thinking of the previous task, a trait scientists call ""attention residue."" It's a major setback to productivity. However, let's use that concept to create a new breathing term that's actually h"
(#46) Therapeutic Benefits of the Relaxation Response,"Fri, 06 Jan 2023 09:11:00 +0000",publish,/the-breathing-1/number-46,Anxiety and stress,"“Taken together, the RR has been shown to be an appropriate and relevant therapeutic tool to counteract several stress-related disease processes and certain health restrictions, particularly in immunological, cardiovascular, and neurodegenerative diseases/mental disorders.” - Esch et al. (2003) A ne"
(#47) A Breath of Love,"Sat, 07 Jan 2023 09:11:00 +0000",publish,/the-breathing-1/number-47,Breathwork techniques and how-to,“ There is one way of breathing that is shameful and constricted. Then there’s another way; a breath of love that takes you all the way to infinity.” ” — Rumi
(#48) The Mind Can Heal the Body,"Sun, 08 Jan 2023 09:11:00 +0000",publish,/the-breathing-1/number-48,Science 411 study breakdowns,"“ Gradually, study after mind body study, carried out with the most careful scientific protocols, produced incontrovertible evidence that the mind can indeed influence—and heal—the body.” ” — Herbert Benson, MD"
(#49) Intravenous Oxygen Delivery,"Mon, 09 Jan 2023 09:11:00 +0000",publish,/the-breathing-1/number-49,Breathwork techniques and how-to,"""For example, oral vitamin C is absorbed in the small intestine…but intravenous vitamin C bypasses the gut, achieving blood and tissue concentrations that are markedly higher than those achieved with the oral form."" - Dr. Rhonda Patrick When I read this, I thought, ‘ nose breathing is like intraveno"
(#5) The True Definition of Success,"Sat, 26 Nov 2022 09:11:00 +0000",publish,/the-breathing-1/number-5,Breathwork techniques and how-to,"On weekends, I just send an inspiring breathing quote. Enjoy! “ To know that even one life has breathed easier because you have lived. This is to have succeeded. ” — Ralph Waldo Emerson"
(#50) The Positive Long-Term Benefits of Breathing Exercises,"Tue, 10 Jan 2023 09:11:00 +0000",publish,/the-breathing-1/number-50,Breathwork techniques and how-to,"“The long-term effects of a daily breathing practice, just like those of a daily exercise routine, are even more pronounced. Preliminary studies have found that regularly practicing breathing exercises normalizes your level of cortisol, the ‘stress hormone.’ As a regular practice, breathing can reco"
(#51) Reading Can Produce Healing,"Wed, 11 Jan 2023 09:11:00 +0000",publish,/the-breathing-1/number-51,Science 411 study breakdowns,"“Bibliotherapy is based on the assumption that the simple act of reading can produce healing of various health conditions , including depression. The definition of bibliotherapy has broadened over the years to include using any type of reading material that is uplifting or emotionally sustaining.” -"
(#52) Better Sleep and Higher Vagal Tone,"Thu, 12 Jan 2023 09:11:00 +0000",publish,/the-breathing-1/number-52,Sleep,"“Taken together, our results suggest that slow-paced breathing performed before sleeping may enhance restorative processes at the cardiovascular level during sleep.” - Laborde et al. (2019), Journal of Clinical Medicine This excellent study ( see the Science 411 for more ) found that 15 min of slow "
(#53) Join the Relaxation Revolution,"Fri, 13 Jan 2023 09:11:00 +0000",publish,/the-breathing-1/number-53,Focus and performance,"“As for you personally, you have the capacity to change your physiology, biochemistry, brain activity, and genetic expression for the better. Isn't it time for you to invest a short period each day to capitalize on your innate and underutilized gifts of healing?” - Herbert Benson, MD, Relaxation Rev"
(#54) Creating Disease-Resistant Genes,"Sat, 14 Jan 2023 09:11:00 +0000",publish,/the-breathing-1/number-54,Breathwork techniques and how-to,"“Looking down the generations, those of us who practice breathing exercises today may well pass on more disease-resistant genes to our descendants tomorrow.” - Michael J Stephen, MD, Breath Taking P.S. Dr. Stephen was using research on the Relaxation Response for this great quote. Learn more about i"
(#55) Expressing Our Inner Feelings,"Sun, 15 Jan 2023 09:11:00 +0000",publish,/the-breathing-1/number-55,Breathwork techniques and how-to,“The quality of our breath expresses our inner feelings.” - TKV Desikachar P.S. I found that one on this great page of quotes .
(#56) Harmonize the Butterflies in Your Stomach,"Mon, 16 Jan 2023 09:11:00 +0000",publish,/the-breathing-1/number-56,Breathwork techniques and how-to,“It's all right to have butterflies in your stomach. Just get them to fly in formation.” - Dr. Rob Gilbert Controlling your breathing is one way to help synchronize them.
(#56) &nbsp;Love at the Center of Our Lives,"Mon, 16 Jan 2023 09:11:00 +0000",draft,/the-breathing-1/number-56b,Other,"“ Along the way of life, someone must have sense enough and morality enough to cut off the chain of hate. This can only be done by projecting the ethic of love to the center of our lives.” ” — Martin Luther King Jr."
(#57) Get More from the Learning Center,"Tue, 17 Jan 2023 09:11:00 +0000",publish,/the-breathing-1/number-57,Breathwork techniques and how-to,"Would you mind taking ~1 minute to fill out this anonymous survey to help me make the Learning Center more valuable for you? Thank you for your help! In good breath, Nick"
(#58) What Steve Jobs Can Teach Us about Teaching,"Wed, 18 Jan 2023 09:11:00 +0000",publish,/the-breathing-1/number-58,Breathwork techniques and how-to,"Have you heard the famous line that goes something like this: “Steve Jobs didn’t even let his kids use iPads!” People use that as an argument against using iPads. I don’t see it that way. I see it as motivation to create something I’m proud of, something I’d love my daughter to use, not something I’"
(#59) What We Can Say About Slow Breathing Techniques,"Thu, 19 Jan 2023 09:11:00 +0000",publish,/the-breathing-1/number-59,Breathwork techniques and how-to,"In Relaxation Revolution , Dr. Benson says that he was excited about the genetic findings of the relaxation response. Some of the changes appeared beneficial for cancer. But he had to stay grounded: “I could not yet tell any cancer patients, including Cameron, ‘There is a new, established treatment "
(#6) The Power of Rest,"Sun, 27 Nov 2022 09:11:00 +0000",publish,/the-breathing-1/number-6,Sleep,"“ Breathing, like most forms of physical rest, improves as you practice. It takes a little time. But it’s a technique you’ll be able to do for the rest of your life, so it’s worthwhile getting good at it now. ” — Matthew Edlund, The Power of Rest P.S. On weekends, I just send a memorable breathing q"
(#60) Important New 2023 Nature Publication on Breathing,"Fri, 20 Jan 2023 09:11:00 +0000",publish,/the-breathing-1/number-60,Breathwork techniques and how-to,"“Research on breathwork could be likened to that of meditation, which received an unprecedented surge in scientific exploration two decades ago. We may be at a similar cusp with breathwork and anticipate considerable growth in the field.” - Nature Scientific Reports (2023) Although I dislike the wor"
(#61) Resurrected from the Grave,"Sat, 21 Jan 2023 09:11:00 +0000",publish,/the-breathing-1/number-61,Breathwork techniques and how-to,"“Many ancient practices and rituals have been rejected by modern science, only to be resurrected from the grave by that same science!” - Herbert Benson, MD, Relaxation Revolution P.S. This was inspired by the new Science 411 shared yesterday. It reminded me that, although modern science is powerful,"
(#62) On Presence,"Sun, 22 Jan 2023 09:11:00 +0000",publish,/the-breathing-1/number-62,Contemplative practice and mindfulness,"“If something is going to happen to me, I want to be there.” - Albert Camus P.S. The 1 Life-Changing Idea from The Mindful Day complements this perfectly."
(#63) Flipping Perspectives for Long-Term Benefits,"Mon, 23 Jan 2023 09:11:00 +0000",publish,/the-breathing-1/number-63,Anxiety and stress,"“[J]ust as repeated activation of the fight-or-flight response can lead to sustained problems in the body and its mechanics, so too can repeated activation of the relaxation response reverse those trends and mend the internal wear and tear brought on by stress.” - Herbert Benson, MD, Timeless Healin"
(#64) Growing Grass or Pulling Weeds?,"Tue, 24 Jan 2023 09:11:00 +0000",publish,/the-breathing-1/number-64,Focus and performance,"“When I was working for the St. Louis Rams, I asked the head groundskeeper, Scott Parker, how I could get rid of the weeds in my yard at home. With great confidence, he replied, ‘Grow more grass.’ Growing more grass chokes out the weeds. ” - Drs Jason Selk & Ellen Reed, Relentless Solution Focus Thi"
(#65) Survey Results + All Life Sciences are Breath Sciences,"Wed, 25 Jan 2023 09:11:00 +0000",publish,/the-breathing-1/number-65,Breathwork techniques and how-to,"If breath is life , then all life sciences are, in some way, breath sciences. Heart science is in some way breath science. Brain science is in some way breath science. Physiology is in some way breath science. Psychology is in some way breath science. & on and on If you study life, you study breath "
(#66) What Does All of this Mean in Real Life?,"Thu, 26 Jan 2023 09:11:00 +0000",publish,/the-breathing-1/number-66,Breathwork techniques and how-to,"“So what does this mean for us? We can use our breath whenever we experience a stressful event. […] It's the most accessible tool you have, and it's invisible. You can practice breathing for well-being no matter where you are, without anyone noticing.”* - Emma Seppälä, The Happiness Track We continu"
(#67) Timeless Healing,"Fri, 27 Jan 2023 09:11:00 +0000",publish,/the-breathing-1/number-67,Breathwork techniques and how-to,"“Believe in something good if you can. Or even better, believe in something better than anything you can fathom. Because for us mortals, this is very profound medicine .” - Herbert Benson, MD, Timeless Healing It’s Friday, so a new Book 411 has just been released: Timeless Healing: The Power and Bio"
(#68) Induce a Chosen State of Mind,"Sat, 28 Jan 2023 09:11:00 +0000",publish,/the-breathing-1/number-68,Breathwork techniques and how-to,"“ In other words, by changing the breath pattern one can induce a chosen state of mind.” ” — Swami Niranjanananda Saraswati P.S. This quote pairs nicely with our new Book 411 on Timeless Healing ."
(#69) Where Happiness Lies,"Sun, 29 Jan 2023 09:11:00 +0000",publish,/the-breathing-1/number-69,Breathwork techniques and how-to,"“ Happiness lies in your own heart. You only need to practice mindful breathing for a few seconds, and you’ll be happy right away.” ” — Thich Nhat Hanh"
"(#7) Breath is Life, Spirit, and a Divine Gift Bestowed Upon Us","Mon, 28 Nov 2022 09:11:00 +0000",publish,/the-breathing-1/number-7,Breathwork techniques and how-to,"“If you look up the word “spirit” in the dictionary, you will find that it comes from the Latin, spirare, meaning “to breathe.” The inbreath is inspiration; the outbreath expiration. From these come all the associations of spirit with the breath of life, vital energy, consciousness, the soul, often "
(#70) How to Live a Meaningful Life: Be a Lobster,"Mon, 30 Jan 2023 09:11:00 +0000",publish,/the-breathing-1/number-70,Breathwork techniques and how-to,"“For the lobster, stress literally leads to growth—if the lobster did not feel stressed in the small shell, it would not know to get a bigger one and be able to continue growing. Stress provides you with the same opportunity to grow. If you don’t experience stress, you don’t move forward, you don’t "
(#71) Thoracic Curve and Lung Function,"Tue, 31 Jan 2023 09:11:00 +0000",publish,/the-breathing-1/number-71,Sleep,"“Our thoracic curve affects lung function. When the thoracic curve become more pronounced (think hunchback), the lungs’ ability to expand decreases. Excessive thoracic curvature weakens respiratory muscles and restricts your ability to take a full, deep breath.” - Pete Egoscue, Pain Free We all know"
"(#72) It’s Not the Highs, It’s Who You Become","Wed, 01 Feb 2023 09:11:00 +0000",publish,/the-breathing-1/number-72,Breathwork techniques and how-to,"“It's not the highs along the way that matter. It's who you become.” - Daniel Goleman & Richard Davidson, Altered Traits That’s a perfect rule of thumb for any contemplative practice (like breathing). Experiencing highs & improving biomarkers of health and wellness is meaningful, but it’s who you be"
(#73) Reconciling Acceptance with Growth,"Thu, 02 Feb 2023 09:11:00 +0000",publish,/the-breathing-1/number-73,Other,"“‘Each of you is perfect the way you are,’ Zen master Suzuki Roshi told his students, adding, ‘and you can use a little improvement’—neatly reconciling acceptance with growth.” - Daniel Goleman & Richard Davidson, Altered Traits That’s an ideal way to reconcile acceptance with growth. And a perfect "
(#74) Yoga Breathing for Cancer,"Fri, 03 Feb 2023 09:11:00 +0000",publish,/the-breathing-1/number-74,Breathwork techniques and how-to,"“Pranayama may be helpful for improving sleep disturbance, anxiety, and mental QOL [quality of life] among patients undergoing chemotherapy.” - Yoga breathing for cancer chemotherapy-associated symptoms and quality of life … It’s Friday, so a new Science 411 is available. This is an inspiring one on"
(#75) The Entity Known as Consciousness,"Sat, 04 Feb 2023 09:11:00 +0000",publish,/the-breathing-1/number-75,Contemplative practice and mindfulness,"“ Breath...is the essence out of which philosophers have constructed the entity known to them as consciousness” ” — William James P.S. On weekends, I just send a memorable breathing quote for you to enjoy. It’s a productive form of mental rest : )"
(#76) Focused Breathing &amp; the Default Mode Network,"Sun, 05 Feb 2023 09:11:00 +0000",publish,/the-breathing-1/number-76,Breathwork techniques and how-to,"“ In brain-imaging studies, focused breathing, mindfulness, and repeating a mantra have all been shown to deactivate hubs of the default mode network.” ” — Kelly McGonigal P.S. Thanks again to everyone who took the survey. Based on the results, I released the first monthly wrap-up for January 2023. "
(#77) An Easy Way to Instantly Improve Your Breathing,"Mon, 06 Feb 2023 09:11:00 +0000",publish,/the-breathing-1/number-77,Breathwork techniques and how-to,"“The inhalation should be extremely soft and continuous, whether sitting down or lying down. If you are walking or standing, you should be relaxed. What is forbidden is noise.” - The Primordial Breath, Volume 1 The easiest thing you can do to instantly improve your breathing anytime, anywhere, is si"
&nbsp;(#78) Follow this Advice Today,"Tue, 07 Feb 2023 09:11:00 +0000",publish,/the-breathing-1/number-78,Sleep,"“So look for those little ways in the flow of life to feel a bit more relaxed, protected, strong, and at ease…and a little more grateful, glad, and successful…and a little more cared about and caring, and a little more loved and loving. One breath at a time, one synapse at a time, you can gradually "
(#79) Shaping the Present Moment,"Wed, 08 Feb 2023 09:11:00 +0000",publish,/the-breathing-1/number-79,Contemplative practice and mindfulness,"“Your experience of the present moment is based on the activity of your nervous system at that moment.” - Rick Hanson, Ph.D., Neurodharma And since, as Deb Dana tells us, “Breath is a direct, easily accessible, and rapid way to shape the state of the nervous system,” we might say: Your experience of"
(#8) How to Make Spiritual Progress,"Tue, 29 Nov 2022 09:11:00 +0000",publish,/the-breathing-1/number-8,Breathwork techniques and how-to,"Yesterday , we learned from Jon Kabat-Zinn that breathing is “ the ultimate gift of spirit. ” Today, let’s look at how Harvard-trained MD Andrew Weil explains the same idea in Breathing: The Master Key to Self Healing : “[B]reath is the animated, nonphysical aspect of your being. So that when you lo"
(#80) Science Only Offers Glimpses,"Thu, 09 Feb 2023 09:11:00 +0000",publish,/the-breathing-1/number-80,Breathwork techniques and how-to,"“This highlights a weakness in what otherwise might seem quite impressive findings on the yogis: these data points are but glimpses of the altered traits that intensive, prolonged meditation produces. We do not want to reduce this quality of being to what we happen to be able to measure.” - Daniel G"
(#81) The Breath-Love Connection,"Fri, 10 Feb 2023 09:11:00 +0000",publish,/the-breathing-1/number-81,Breathwork techniques and how-to,"It’s Friday, so a new Book 411 is available . This week, we have Love 2.0 by Barbara Fredrickson. It’s an excellent book, and I think you’re really going to enjoy the summary. Here’s a passage from Thought #4 that captures the essence of the Book 411 : …But perhaps a big part of this all comes back "
(#82) The Stream of Thinking,"Sat, 11 Feb 2023 09:11:00 +0000",publish,/the-breathing-1/number-82,Breathwork techniques and how-to,"“ I am as conﬁdent as I am of anything that, in myself, the stream of thinking is only a careless name for the stream of my breathing.” ” — William James P.S. I removed several extra words from this one to make it easier to read without changing its meaning."
(#83) Wandering Walks Outdoors,"Sun, 12 Feb 2023 09:11:00 +0000",publish,/the-breathing-1/number-83,Breathwork techniques and how-to,"“ We should take wandering outdoor walks, so that the mind might be nourished and refreshed by the open air and deep breathing.” ” — Seneca"
"(#84) Power of Slow Breathing: Meditation, Yoga, and the Healing Touch of Prayer","Mon, 13 Feb 2023 09:11:00 +0000",publish,/the-breathing-1/number-84,Contemplative practice and mindfulness,"Here’s a memorable passage from Breath where James Nestor offers an eloquent summary of the benefits of slow breathing: “In many ways, this resonant breathing offered the same benefits as meditation for people who didn't want to meditate. Or yoga for people who didn't like to get off the couch. It o"
(#85) Voluntary vs. Physiological Slow Breathing,"Tue, 14 Feb 2023 09:11:00 +0000",publish,/the-breathing-1/number-85,Breathwork techniques and how-to,Voluntary Slow Breathing: Using an app (or counting) to deliberately breathe slowly at a set pace (like five breaths a minute). Physiological Slow Breathing: Using mindfulness or a relaxation technique (like yoga nidra) to put your physiology in a state where slow breathing occurs naturally. Of cour
(#86) A Simple Way to Fall Back to Sleep,"Wed, 15 Feb 2023 09:11:00 +0000",publish,/the-breathing-1/number-86,Sleep,"“Counting is handled by the same area of the brain that’s responsible for worrying. It’s difficult to do both at the same time, so counting is exceptionally effective at crowding out stress, calming a busy brain, and enhancing focus.” - Leah Lagos, Psy.D., Heart Breath Mind It’s hard to count and wo"
(#87) How Long Should You Practice Each Day?,"Thu, 16 Feb 2023 09:11:00 +0000",publish,/the-breathing-1/number-87,Breathwork techniques and how-to,"“I think the amount of time that you spend on this work is not that important. …[W]hat is important here is the regularity of doing this work. You want to do this every day without fail because you are attempting to change rhythms in your nervous system, and it's the constancy of the input, it's the"
(#88) New Sci411: Breathing Improves Cognition,"Fri, 17 Feb 2023 09:11:00 +0000",publish,/the-breathing-1/number-88,Breathwork techniques and how-to,"It’s Friday, so a new Science 411 was just released. This is an excellent, recently-published (2022) study on breathing and executive function. It found that 15-min of slow breathing: Improved attention control Improved working memory Increased cognitive flexibility Take-home: Slow breathing helps y"
(#89) Respiration is Reciprocation,"Sat, 18 Feb 2023 09:11:00 +0000",publish,/the-breathing-1/number-89,Breathwork techniques and how-to,"“ To breathe is to absorb ourselves in what surrounds us, to take in little bits of life, understand them, and give pieces of ourselves back out. Respiration is, at its core, reciprocation.” ” — James Nestor"
(#9) Relaxed &amp; Alert: Why Slow Breathing Works,"Wed, 30 Nov 2022 09:11:00 +0000",publish,/the-breathing-1/number-9,Breathwork techniques and how-to,"“Within a very short time, breathing at five breaths a minute will synchronize the electrical rhythms of the heart, lungs and brain, which is very beneficial and leads to a state in which we are both relaxed and alert. It's unusual to be both relaxed and alert at the same time, but Coherent Breathin"
&nbsp;(#90) A Universal Goal,"Sun, 19 Feb 2023 09:11:00 +0000",publish,/the-breathing-1/number-90,Breathwork techniques and how-to,"“ A universal goal in meditation of every kind comes down to sustaining attention in a chosen way or to a given target, such as the breath.” ” — Daniel Goleman & Richard Davidson P.S. And if you haven’t checked out the latest Science 411 yet, we also learned that a breathing practice itself can help"
(#91) The Breath of Life Influences Everything,"Mon, 20 Feb 2023 09:11:00 +0000",publish,/the-breathing-1/number-91,Breathwork techniques and how-to,"“Chronic overbreathing leads to loss of health, poor fitness, and compromised performance and also contributes to many ailments including anxiety, asthma, fatigue, insomnia, heart problems, and even obesity. It may seem strange that such a disparate range of complaints can be caused by or worsened b"
(#92) Why We Should Practice Abdominal Nose Breathing,"Tue, 21 Feb 2023 09:11:00 +0000",publish,/the-breathing-1/number-92,Breathwork techniques and how-to,"“However, when we breathe through the nostrils and into the abdomen, not only do we breathe less frequently, but our exhalations are prolonged. What this means is that abdominal nose breathing not only makes more oxygen available to our bodies in a more efficient manner, but it also stimulates the s"
(#93) Building Tremendous Breath Energy,"Wed, 22 Feb 2023 09:11:00 +0000",publish,/the-breathing-1/number-93,Breathwork techniques and how-to,"“Having breath energy in a body is like having water in a river: the same water can both topple a boat and carry a boat. The breath energy can both build and destroy a body. When there are deep waters, unusually large ships can be carried. When tremendous breath energy is accumulated, unusual life c"
(#94) Breathing for Focus,"Thu, 23 Feb 2023 09:11:00 +0000",publish,/the-breathing-1/number-94,Breathwork techniques and how-to,"“Noradrenaline is also released, though in different amounts, during times of intense focus, curiosity, or passion, promoting the growth of new connections in the brain. Researchers…found that slow, controlled, deep breathing helps the brain nail the noradrenaline “sweet spot,” heightening attention"
(#95) Breath: The New Science of a Lost Art,"Fri, 24 Feb 2023 09:11:00 +0000",publish,/the-breathing-1/number-95,Breathwork techniques and how-to,"“That’s what these researchers discovered. The missing pillar in health is breath. It all starts there.” - James Nestor, Breath It’s Friday, so a new Book 411 is available. This week we have Breath by James Nestor. I’m excited about this one because it’s such a good book. But a little nervous becaus"
(#96) A Promising Cost-Effective Technique,"Sat, 25 Feb 2023 09:11:00 +0000",publish,/the-breathing-1/number-96,Breathwork techniques and how-to,“ Slow-paced breathing appears a promising cost-effective technique to improve subjective sleep quality and cardiovascular function during sleep in young healthy individuals.” ” — Journal of Clinical Medicine (2019) P.S. We have a Science 411 on this paper here.
"(#97) Not Genetics, Diet, or Daily Exercise","Sun, 26 Feb 2023 09:11:00 +0000",publish,/the-breathing-1/number-97,Breathwork techniques and how-to,"“ They gathered two decades of data from 5,200 subjects, crunched the numbers, and discovered that the greatest indicator of life span wasn’t genetics, diet, or the amount of daily exercise, as many had suspected. It was lung capacity.” ” — James Nestor P.S. Check out Thought #2 in our new Book 411 "
(#98) A Remarkable Fact About the Upper Airways,"Mon, 27 Feb 2023 09:11:00 +0000",publish,/the-breathing-1/number-98,Focus and performance,I recently read in this older paper that “the upper respiratory tract is able to warm and saturate inspired air so that in climates as cold as minus 100°C [-148°F] air entering the alveoli has attained body temperature and is saturated with water vapor.” My brain can’t fully grasp how remarkable tha
(#99) Getting from Point A to B,"Tue, 28 Feb 2023 09:11:00 +0000",publish,/the-breathing-1/number-99,Breathwork techniques and how-to,"“This is the deepest paradox in all of meditation: we want to get somewhere—we wouldn’t have taken up the practice if we didn’t—but the way to get there is just to be fully here. The way to get from point A to point B is really to be at A .” - Larry Rosenberg, Breath by Breath And the way to really "
(#20) Thirty Days to Better Sleep and Higher Vagal Tone,"Wed, 30 Nov 2022 18:59:16 +0000",draft,/the-breathing-1/number-xx,Sleep,"“Taken together, our results suggest that slow-paced breathing performed before sleeping may enhance restorative processes at the cardiovascular level during sleep.” - Laborde et al. (2019), Journal of Clinical Medicine This excellent study found that 15 min of slow breathing (6 breaths/min) before "
Breath is Digestion,"Sun, 26 Jun 2022 10:07:18 +0000",publish,/secret-thoughts/breath-is-digestion,Breathwork techniques and how-to,"In this interview , Michal Stephen, MD, states that the lungs evolved as an offshoot of the digestive system (not from the gills). That’s a crazy perspective to take, and it makes a lot of sense. Our digestive system takes in food, extracts nutrients, and then discards the rest. Our respiratory syst"
A Breathing Checklist?,"Sun, 03 Jul 2022 09:47:06 +0000",publish,/secret-thoughts/breathing-checklist,Breathwork techniques and how-to,"Secret Thoughts are ideas I’m thinking about that aren’t quite polished enough for the newsletter. They may be included in a future newsletter in this exact form, or they may be discarded completely… I’ve never read the book, but I’ve heard a lot about Atul Gawande’s “The Checklist Manifesto.” For e"
(#0) What is The Breathing 1%?,"Fri, 23 Dec 2022 14:28:00 +0000",publish,/the-breathing-1-sample/number-0,Breathwork techniques and how-to,"The Breathing 1% (TB1%) is based on the idea that “ Breathing is the compound interest of health and wellness. ” That if we improve by just 1% every day, those benefits will compound into extraordinary results. It’s also based on the science of learning. It’s quick, bite-sized chunks of wisdom that "
(#1) Why We Start with the Breath: The Ultimate Self-Improvement Tool,"Fri, 23 Dec 2022 15:03:11 +0000",publish,/the-breathing-1-sample/number-1,Breathwork techniques and how-to,"“You can borrow knowledge, but not action.” – James Clear Action is the cornerstone of all improvement. Of course, we have to read and learn—but that only stores potential energy. Action converts that energy into something useful. And breathing is the most basic form of taking action. Breathing caus"
(#10) Get Instant Willpower (here's the only “quick fix”),"Fri, 23 Dec 2022 15:13:53 +0000",publish,/the-breathing-1-sample/number-10,Breathwork techniques and how-to,"“You won’t find many quick fixes in this book, but there is one way to immediately boost willpower: Slow your breathing down to four to six breaths per minute [...] Slowing the breath down activates the prefrontal cortex and increases heart rate variability, which helps shift the brain and body from"
(#2) The Four Qualities of Breath We Want to Develop to Feel Better,"Fri, 23 Dec 2022 15:03:59 +0000",publish,/the-breathing-1-sample/number-2,Breathwork techniques and how-to,"“One of the essential techniques that I distill from this body of knowledge about pranayama is that the qualities of breath that you want to develop are to make it deeper, slower, quieter, and more regular.” - Andrew Weil, MD, Breathing: The Master Key to Self Healing These are the qualities we want"
(#3) Why Breathing Seems Like a Panacea (maybe it is?),"Fri, 23 Dec 2022 15:04:53 +0000",publish,/the-breathing-1-sample/number-3,Breathwork techniques and how-to,"“Your body has numerous major systems, including the endocrine (hormone), cardiovascular, immune, gastrointestinal, and nervous systems. If you want to use the mind-body connection to lower your stress, cool the fires, and improve your long-term health, what’s the optimal point of entry into all the"
(#4) The #1 Breathing Fundamental,"Fri, 23 Dec 2022 15:05:37 +0000",publish,/the-breathing-1-sample/number-4,Breathwork techniques and how-to,"“Taken together, these results confirm that nasal stimulation represents the fundamental link between slow breathing techniques, brain and autonomic activities and psychological/behavioral outputs.” - Zaccaro et al. (2018) If you’re reading this, you’re probably aware of the importance of nasal brea"
(#5) The True Definition of Success,"Fri, 23 Dec 2022 15:07:14 +0000",publish,/the-breathing-1-sample/number-5,Breathwork techniques and how-to,"“ To know that even one life has breathed easier because you have lived. This is to have succeeded.” ” — Ralph Waldo Emerson P.S. On weekends, I just send an inspiring breathing quote. Enjoy!"
(#6) The Power of Rest,"Fri, 23 Dec 2022 15:08:36 +0000",publish,/the-breathing-1-sample/number-6,Sleep,"“ Breathing, like most forms of physical rest, improves as you practice. It takes a little time. But it’s a technique you’ll be able to do for the rest of your life, so it’s worthwhile getting good at it now.” ” — Matthew Edlund, The Power of Rest P.S. On weekends, I just send a memorable breathing "
"(#7) Breath is Life, Spirit, and a Divine Gift Bestowed Upon Us","Fri, 23 Dec 2022 15:10:46 +0000",publish,/the-breathing-1-sample/number-7,Breathwork techniques and how-to,"“If you look up the word “spirit” in the dictionary, you will find that it comes from the Latin, spirare, meaning “to breathe.” The inbreath is inspiration; the outbreath expiration. From these come all the associations of spirit with the breath of life, vital energy, consciousness, the soul, often "
(#8) How to Make Spiritual Progress,"Fri, 23 Dec 2022 15:12:06 +0000",publish,/the-breathing-1-sample/number-8,Breathwork techniques and how-to,"Yesterday , we learned from Jon Kabat-Zinn that breathing is “ the ultimate gift of spirit. ” Today, let’s look at how Harvard-trained MD Andrew Weil explains the same idea in Breathing: The Master Key to Self Healing : “[B]reath is the animated, nonphysical aspect of your being. So that when you lo"
(#9) Relaxed &amp; Alert: Why Slow Breathing Works,"Fri, 23 Dec 2022 15:12:51 +0000",publish,/the-breathing-1-sample/number-9,Breathwork techniques and how-to,"“Within a very short time, breathing at five breaths a minute will synchronize the electrical rhythms of the heart, lungs and brain, which is very beneficial and leads to a state in which we are both relaxed and alert. It's unusual to be both relaxed and alert at the same time, but Coherent Breathin"
"February 2023: Yoga Breathing, More Love, and Expanding Lung Capacity","Mon, 06 Mar 2023 14:51:22 +0000",publish,/monthly-wrapups/february-2023,Breathwork techniques and how-to,
"January 2023: Relaxation Response, Timeless Healing, and the Best Study To Date","Sat, 04 Feb 2023 10:13:46 +0000",publish,/monthly-wrapups/january-2023,Science 411 study breakdowns,
"March 2023: Oxygen Advantage, Vagal Activity, and Breath Pauses","Mon, 03 Apr 2023 14:29:23 +0000",publish,/monthly-wrapups/march-2023,Breathwork techniques and how-to,
Yoga breathing for cancer chemotherapy-associated symptoms and quality of life: results of a pilot randomized controlled trial,"Sun, 05 Feb 2023 15:18:54 +0000",publish,/free-science-411-yoga/dhruva-et-al-2012,Breathwork techniques and how-to,"Listen or Download Podcast Version Citation Dhruva A, Miaskowski C, Abrams D, Acree M, Cooper B, Goodman S, Hecht FM. Yoga breathing for cancer chemotherapy-associated symptoms and quality of life: results of a pilot randomized controlled trial. J Altern Complement Med. 2012 May;18(5):473-9. doi: 10"
BONUS PRACTICE: Wake Up Mindful (and happy),"Sun, 15 Oct 2023 03:59:00 +0000",publish,/neermal-doolub-1/wake-up-mindful,Contemplative practice and mindfulness,"The moment you wake up, put a smile on your face, and recite the following: “Waking up this morning, I smile: Twenty-four brand-new hours are before me. I vow to live each moment fully and to look at all beings with eyes of compassion.” - Thich Nhat Hanh Connect it with conscious breathing as follow"
Week 1: Mindful Breathing and Attention to Variability,"Wed, 11 Oct 2023 09:05:49 +0000",publish,/neermal-doolub-1/week-1,Breathwork techniques and how-to,"Daily Guided Practice ( this will be uploaded after our 1-on-1 call) Perform this guided mindfulness practice once daily, preferably in the morning or evening. Alternative Practice Bonus Learning Material Peak Mind Listen or Download Full Catastrophe Living Listen or Download"
Week 2: Locus of Control &amp; Introduction to Breathwork,"Tue, 24 Oct 2023 11:55:00 +0000",publish,/neermal-doolub-1/week-2,Breathwork techniques and how-to,"Daily Guided Practice Foundational Pranayama Sequence This practice includes kapalabhati. If you have any of the following contraindications, do not perform this breathing exercise (use the next practice instead): It should not be done if you are pregnant, have had recent abdominal surgery, have a h"
Week 3: Building Resilience and Cultivating Gratitude &amp; Joy,"Thu, 02 Nov 2023 09:33:52 +0000",publish,/neermal-doolub-1/week-3,Breathwork techniques and how-to,"Daily Guided Practice Slow Breathing Practice (12 minutes) This practice can be done seated or lying down, whichever is most comfortable to you. You can also alternate the seated vs. lying down posture as needed. Slow Breathing Practice (20 minutes) Same as above, but 20 minutes. Bonus Learning Mate"
Week 4: The Relaxation Response +,"Thu, 09 Nov 2023 14:18:47 +0000",publish,/neermal-doolub-1/week-4,Anxiety and stress,"Lesson Recording Daily Guided Practice Relaxation Response + Practice (12 minutes) This practice can be done seated or lying down, whichever is most comfortable to you. You can also alternate the seated vs. lying down posture as needed. Bonus Learning Material The Relaxation Revolution Listen or Dow"
Week 5: Remembered Wholeness &amp; Wellness,"Wed, 22 Nov 2023 10:52:12 +0000",publish,/neermal-doolub-1/week-5,General wellness,Lesson Recording Daily Guided Practice Remembered Wholeness/Wellness (20 minutes) This practice is best performed lying down but can be done seated if necessary. No Mantra Version: Bonus Learning Material Timeless Healing Listen or Download
BONUS PRACTICE: Wake Up Mindful (and happy),"Sat, 04 Nov 2023 07:00:00 +0000",publish,/rick-rennie-1/wake-up-mindful,Contemplative practice and mindfulness,"The moment you wake up, put a smile on your face, and recite the following: “Waking up this morning, I smile: Twenty-four brand-new hours are before me. I vow to live each moment fully and to look at all beings with eyes of compassion.” - Thich Nhat Hanh Connect it with conscious breathing as follow"
Recommended Books on Mindfulness,"Tue, 07 Nov 2023 11:19:31 +0000",publish,/rick-rennie-1/wake-up-mindful-pr7lc,Contemplative practice and mindfulness,Full Catastrophe Living The Healing Power of Meditation Peace is Every Breath Altered Traits Breath by Breath Peak Mind
Week 1: Mindful Deep Breathing and LNB,"Tue, 31 Oct 2023 13:21:57 +0000",publish,/rick-rennie-1/week-1,Breathwork techniques and how-to,"Daily Guided Practice Breath Scan and Slow Left-Nostril Breathing Perform this guided mindfulness practice once daily, preferably in the morning or evening. If your left nostril is too blocked, simply breathe through both nostrils for that portion of the practice. Breath Scan and Slow Breathing thro"
Week 2: Mindful Breathing and Attention to Variability,"Tue, 07 Nov 2023 11:19:35 +0000",publish,/rick-rennie-1/week-2,Breathwork techniques and how-to,"Lesson Daily Guided Practice Perform this guided mindfulness practice once daily, preferably in the morning or evening. Additional Learning Materials Full Catastrophe Living Peak Mind Mindful Breath Awareness Improves Attention and Neural Network Efficiency"
Week 3: Building Resilience and Cultivating Gratitude &amp; Joy,"Tue, 14 Nov 2023 18:50:54 +0000",publish,/rick-rennie-1/week-3,Breathwork techniques and how-to,Lesson Daily Guided Practice Additional Learning Materials Effects Of Voluntary Slow Breathing On Heart Rate And Heart Rate Variability: A Systematic Review And A Meta-Analysis Love 2.0
Week 4: Relaxation Response +,"Tue, 21 Nov 2023 01:05:38 +0000",publish,/rick-rennie-1/week-4,Anxiety and stress,Lesson Daily Guided Practice Additional Learning Materials Relaxation Revolution The Therapeutic Use Of The Relaxation Response In Stress-Related Diseases
Week 6: Remembered Wellness &amp; Wholeness,"Wed, 06 Dec 2023 18:23:08 +0000",publish,/rick-rennie-1/week-6,General wellness,Lesson Daily Guided Practice
